Peptide,TCR,Label
VVTGVLVYL,CAWSGFSRTEAFF,1
VVTGVLVYL,CASSTSAGFSNQPQHF,1
VVTGVLVYL,CASSLVGGITGELFF,1
VVTGVLVYL,CASSQDPGNGNTIYF,1
VVTGVLVYL,CAWIGVHNEQFF,0
VVTGVLVYL,CAWNTGVVEKLFF,0
VVTGVLVYL,CASSLIALGGRGDEQFF,0
VVTGVLVYL,APQHF,0
SIIGRLLEV,CASSYRFDSPLHF,1
SIIGRLLEV,CASVLGGSSYNEQFF,1
SIIGRLLEV,CASSYFGGSLSEQYF,1
SIIGRLLEV,CASSPWRGPFQETQYF,1
SIIGRLLEV,CSVGIQAANYGYTF,0
SIIGRLLEV,CASSFSGNPALDTQYF,0
SIIGRLLEV,CATSGLRTGQNTEAFF,0
SIIGRLLEV,CASRHPASETQYF,0
KASEKIFYV,CATSSFRMTGDNSPLHF,1
KASEKIFYV,CASSQDSHSTSTDTQYF,1
KASEKIFYV,CASSWEYEQYF,1
KASEKIFYV,CASSALFSGANVLTF,1
KASEKIFYV,CSALENGWTSGTYEQYF,0
KASEKIFYV,CASSLSLTRPYNEQFF,0
KASEKIFYV,CASTSVRGYGYTF,0
KASEKIFYV,CASTSTPGGRYEQYF,0
FLNVLFPLL,CASSHNRGYEQYF,1
FLNVLFPLL,CASSIGLNTEAFF,1
FLNVLFPLL,CSAPSYRELAGAYLQETQYF,1
FLNVLFPLL,CASSRGLQETQYF,1
FLNVLFPLL,CASSVGQGSFYTEAFF,0
FLNVLFPLL,CASSSDSIHNEQFF,0
FLNVLFPLL,CSARDRTGGYKQYF,0
FLNVLFPLL,CAIGGTENSPLHF,0
EENLLDFVRF,CASSLGQAYEQYF,1
EENLLDFVRF,CASRYRDDSYNEQFF,1
EENLLDFVRF,CASRYRDDSYNEQF,1
EENLLDFVRF,ASRYRDDSYNEQF,1
EENLLDFVRF,CASSLRLRTSGGETQYF,0
EENLLDFVRF,CASSKSGPPRRLNSPLHF,0
EENLLDFVRF,CASSEKPGQGLEQYF,0
EENLLDFVRF,CASSPISRGTGNTIYF,0
LLIASVTWL,CSVEGLAGRGYNEQFF,1
LLIASVTWL,CASSSGGAWYTF,1
LLIASVTWL,CASSLVRDRHTEAFF,1
LLIASVTWL,CATSGTGGTGELFF,1
LLIASVTWL,CASSEPSLGQVLDTQYF,0
LLIASVTWL,CASAPSSPTDTQYF,0
LLIASVTWL,CASSKENRLYHEQYF,0
LLIASVTWL,CASSLGTSGVYTDTQYF,0
VYALIAGATL,CASHPVGSLTDTQYF,1
VYALIAGATL,CASSPTLYNEQFF,1
VYALIAGATL,CASSEWVFWSSYNSPLHF,1
VYALIAGATL,CASSLSYLNEQFF,1
VYALIAGATL,CASSELGVAPLHF,0
VYALIAGATL,CSAPRPGEDQPQHF,0
VYALIAGATL,CATSRKLPSNEKLFF,0
VYALIAGATL,CASTSTGGGPEAFF,0
KLSREIMPV,CASSTGGDTQYF,1
KLSREIMPV,CASSLASEQYF,1
KLSREIMPV,CASSFLSSYNEQFF,1
KLSREIMPV,CASRGTGTGSYEQYF,1
KLSREIMPV,CASSQWRLETQYF,0
KLSREIMPV,CASSEYYQGRNTGELFF,0
KLSREIMPV,CASSPSFIGNTIYF,0
KLSREIMPV,CASNPMGQGLPLHF,0
KLSHQLVLL,CASSQEIGMNEKLFF,1
KLSHQLVLL,CSATSGTDTQYF,1
KLSHQLVLL,CASSSTGALYEQYF,1
KLSHQLVLL,CASSLGGFAGNTIYF,1
KLSHQLVLL,CASSLGVEYTQYF,0
KLSHQLVLL,CASSYSANRDQETQYF,0
KLSHQLVLL,CASSPTGRGYMNYGYTF,0
KLSHQLVLL,CASSLGAGSILEAFF,0
LLAIKVPNV,CASGSYEQYF,1
LLAIKVPNV,CSARDPQGFDGYTF,1
LLAIKVPNV,CAQGDYNEQFF,1
LLAIKVPNV,CASSMSGWGDTQYF,1
LLAIKVPNV,CASSLPRSDRPYYSGNTIYF,0
LLAIKVPNV,CASSGEQGARYNEQFF,0
LLAIKVPNV,CATVIASSTDTQYF,0
LLAIKVPNV,CASSFRVMGGGTEAFF,0
VLENFTIFLV,CASSIAQGGNQPQHF,1
VLENFTIFLV,CASSEGQGYEQYF,1
VLENFTIFLV,CASSSQELTEAFF,1
VLENFTIFLV,CSVELTTYEQYF,1
VLENFTIFLV,CASSQIEDRARNSPLHF,0
VLENFTIFLV,CASSSRVRTGTSYEQYF,0
VLENFTIFLV,CASSDSSQPNEKLFF,0
VLENFTIFLV,CSARRTSGGFSTDTQYF,0
ALIHHNTHL,CASSLAVQRPSGNTIYF,1
ALIHHNTHL,CASSQSETGDGYTF,1
ALIHHNTHL,CASSIESGSKQRNEQFF,1
ALIHHNTHL,CASSPRDRVHEQYF,1
ALIHHNTHL,CASKGTSGRSDTQYF,0
ALIHHNTHL,CASSQVGTRDDYGYTF,0
ALIHHNTHL,CASSQTGLSNSPLHF,0
ALIHHNTHL,CASSYLGLANF,0
ALIHHNTYL,CASSLAVQRPSGNTIYF,1
ALIHHNTYL,CSVVGTGSVITNEKLFF,1
ALIHHNTYL,CASSIESGSKQRNEQFF,1
ALIHHNTYL,CASSDLQENQPQHF,1
ALIHHNTYL,CASSYLGAPTNEQFF,0
ALIHHNTYL,CASSLDGAQGNTIYF,0
ALIHHNTYL,CASSRPGGAPINQPQHF,0
ALIHHNTYL,CASSQVEAGAPYEQYF,0
APARLERRHSA,CASSLLKAANYGYTF,1
APARLERRHSA,CASRAVINTDTQYF,1
APARLERRHSA,CASSTTSGGAHNEQFF,1
APARLERRHSA,CASRDGRVHQPQHF,1
APARLERRHSA,CASSGQTVYYGYTF,0
APARLERRHSA,CATSGGDRSSYTF,0
APARLERRHSA,CASSFIRDRGGNEQFF,0
APARLERRHSA,CASSHRRGNGEKLFF,0
LMMPFSIVYI,CASSLSWEYEQYF,1
LMMPFSIVYI,CASSQGLNPGQGLDTEAFF,1
LMMPFSIVYI,CASSSQTGPYSNQPQHF,1
LMMPFSIVYI,CASSLQGSDNEQFF,1
LMMPFSIVYI,CASSFHTSGRANEQFF,0
LMMPFSIVYI,CASSYSGSGVAQETQYF,0
LMMPFSIVYI,CASGKAGGAGGTDTQYF,0
LMMPFSIVYI,CASSLGPSGSGADTQYF,0
VMAPRTLIL,ASSANPGDSSNEKLF,1
VMAPRTLIL,CASSQDRDTQYF,1
VMAPRTLIL,ASSQDRDTQY,1
VMAPRTLIL,CASSANPGDSSNEKLFF,1
VMAPRTLIL,CASSGGVLTASFSYEQYF,0
VMAPRTLIL,CASETGLAGDNEQFF,0
VMAPRTLIL,CASSVGTGVRNSPLHF,0
VMAPRTLIL,CASSYTGDRGFSYEQYF,0
ALSYTPAEV,CASSSDRGEQFF,1
ALSYTPAEV,CASSSPSGYEQYF,1
ALSYTPAEV,CASSLGQEIPYYGYTF,1
ALSYTPAEV,CASSTQGTGVYNEQFF,1
ALSYTPAEV,CASSLAAVSGGSTYEQYF,0
ALSYTPAEV,CSAPTSGRRPGEQFF,0
ALSYTPAEV,CACRGGRTSTDTQYF,0
ALSYTPAEV,CASSQVYPGQGGVQETQYF,0
VLNPFIYTL,CASTHWERVDEQFF,1
VLNPFIYTL,CASSQGISTGELFF,1
VLNPFIYTL,CASSQEGRQGSYNEQFF,1
VLNPFIYTL,CASSAAGQELGYTF,1
VLNPFIYTL,CASRTAIGAQYF,0
VLNPFIYTL,CASSPIPVVQYF,0
VLNPFIYTL,CASSWDPGQAYEQYF,0
VLNPFIYTL,CASSDLGQHTDTQYF,0
KLNTITAVV,CSVEAGGVSEAFF,1
KLNTITAVV,CASMRPTSYEQYF,1
KLNTITAVV,CSDGTGDGYTF,1
KLNTITAVV,CASSLETGGWETQYF,1
KLNTITAVV,CASSYEPPGEQYF,0
KLNTITAVV,CASSLSSDGVNGYEQYF,0
KLNTITAVV,CSVGLLTGTTIQETQYF,0
KLNTITAVV,CASSQAWASSYNEQFF,0
LLLNMLIVL,CASSEELYNEFF,1
LLLNMLIVL,CASSSESGELFF,1
LLLNMLIVL,CASSLAGGTEAFF,1
LLLNMLIVL,CASGTELMNTEAFF,1
LLLNMLIVL,CASKSLKPGRGGIDYNSPLHF,0
LLLNMLIVL,CASSLGHGRFSGANVLTF,0
LLLNMLIVL,CASHLTGKNNSPLHF,0
LLLNMLIVL,CSADGGWDYNEQFF,0
FIYQYYSSI,CASTLGQGNTEAFF,1
FIYQYYSSI,CASSQEPSLNTEAFF,1
FIYQYYSSI,CSADRPGQSQETQYF,1
FIYQYYSSI,CSARDRGFFRPGELFF,1
FIYQYYSSI,CSARDFRAGEKLFF,0
FIYQYYSSI,CASSNSEAQYF,0
FIYQYYSSI,CASSLSFGTPLRNTDTQYF,0
FIYQYYSSI,CASSLGSGLAGSVIYNEQFF,0
VQYLGMFPV,CASNSGPNEKLFF,1
VQYLGMFPV,CASSLGQGYNEQFF,1
VQYLGMFPV,CASSQNGSEAAYSNQPQHF,1
VQYLGMFPV,CASSTPGGWNTEAFF,1
VQYLGMFPV,CSARRAGQGTGELFF,0
VQYLGMFPV,CASSEIGTASTPLHF,0
VQYLGMFPV,CASTSMGQGSDTQYF,0
VQYLGMFPV,CASSLGTSGRGSRETQYF,0
TAMDIFVTV,CASSFGGLYGYTF,1
TAMDIFVTV,CASSGGQGWTDTQYF,1
TAMDIFVTV,CASSLAAQGQRVTGELFF,1
TAMDIFVTV,CSARDWGYEQYF,1
TAMDIFVTV,CSAWTGGSVEQYF,0
TAMDIFVTV,CASSNPGLVSDTQYF,0
TAMDIFVTV,CASSQVSQLGDSPLHF,0
TAMDIFVTV,CASSSGAGGDNEQFF,0
FLFMYLVTV,CASSQESGGGTEAFF,1
FLFMYLVTV,CASSVDFGRTYNEQFF,1
FLFMYLVTV,CASSPGQGYEQYF,1
FLFMYLVTV,CASSYTGWHEQYF,1
FLFMYLVTV,CASSLFGENQETQYF,0
FLFMYLVTV,CATSRNPGLAEPPLFF,0
FLFMYLVTV,CSVGTISSYEQYF,0
FLFMYLVTV,CASSYFRAAGNTIYF,0
YLDELIRNT,CASSALAGGYNEQFF,1
YLDELIRNT,CASSEPGPWAFF,1
YLDELIRNT,CASSWDRGTYEQYF,1
YLDELIRNT,CASSVEGALTDTQYF,1
YLDELIRNT,CASSKSGREETQYF,0
YLDELIRNT,CASSVLPGSLYEQYF,0
YLDELIRNT,CATSDGTSGRDWADTQYF,0
YLDELIRNT,CAWSVGSQGGTEAFF,0
KLLAGVEIV,CASSWREGFPYEQYF,1
KLLAGVEIV,CASRNRDPNGYTF,1
KLLAGVEIV,CASSLPDRGGTKNIQYF,1
KLLAGVEIV,CASSYVNGGAIGGELFF,1
KLLAGVEIV,CSARQETDTQYF,0
KLLAGVEIV,CASSEIAGGPKNEQFF,0
KLLAGVEIV,CASSPSREARFSGNTIYF,0
KLLAGVEIV,CASSQDTRVYEQYF,0
RMAAISNTV,CASSLIDTGELFF,1
RMAAISNTV,CASSSPDSNNEQFF,1
RMAAISNTV,CASSLAQSDSLAFF,1
RMAAISNTV,CASSIGDYEQYF,1
RMAAISNTV,CASSETASITYEQYF,0
RMAAISNTV,CASSDRDQGGNQETQYF,0
RMAAISNTV,CASNTGPSSGNTIYF,0
RMAAISNTV,CASSEQIGTVPREKLFF,0
KLFEFLVHGV,CASSQGALGYTF,1
KLFEFLVHGV,CASSLGGNPTYNEQFF,1
KLFEFLVHGV,CASSLGDPNTEAFF,1
KLFEFLVHGV,CASTQGGVDTQYF,1
KLFEFLVHGV,CASKPDSLPPTDTQYF,0
KLFEFLVHGV,CAWRSSREQYF,0
KLFEFLVHGV,CASSPSMGGLYGYTF,0
KLFEFLVHGV,CASSSPRGTSLYNEQFF,0
YLLFMIGYT,CASSFASGGYNEQFF,1
YLLFMIGYT,CASSFNTEAFF,1
YLLFMIGYT,CASSVTGRWVPLHF,1
YLLFMIGYT,CASSHSWGETQYF,1
YLLFMIGYT,CASKAQWSTDTQYF,0
YLLFMIGYT,CSARRPLAGYNEQFF,0
YLLFMIGYT,CASSATTGPVPGGYTF,0
YLLFMIGYT,CAGQGASGRACDTQYF,0
HMTEVVRHC,CAISELVTGDSPLHF,1
HMTEVVRHC,CASSEGLWQVGDEQYF,1
HMTEVVRHC,CASSLDPGDTGELFF,1
HMTEVVRHC,CASSIQQGADTQYF,1
HMTEVVRHC,CASSHISAKETQYF,0
HMTEVVRHC,CAISDPGRTNQPQHF,0
HMTEVVRHC,CASTTDRGSPDIPF,0
HMTEVVRHC,CASRDKDRGRGYTF,0
FYGKTILWF,CASSLGQGCSNQPQHF,1
FYGKTILWF,CASSRGTLHYGYTF,1
FYGKTILWF,CASSLGAAPQETQYF,1
FYGKTILWF,CASSTRVVAGNNEQFF,1
FYGKTILWF,CASTDSGQSYEQYF,0
FYGKTILWF,CASSDRDSSKNIQYF,0
FYGKTILWF,CAISETITGTLSNYGYTF,0
FYGKTILWF,CSARNPDGLNIQYF,0
GPGMKARVL,CASSQETGDEQYF,1
GPGMKARVL,CASSQETGDTQYF,1
GPGMKARVL,CASSLETGDEQYF,1
GPGMKARVL,CASSLELGDEQFF,1
GPGMKARVL,CASRITYPRQGSNQPQHF,0
GPGMKARVL,CASRGTGIVGYTF,0
GPGMKARVL,CASSWKERGGIDEQFF,0
GPGMKARVL,CAWSEGGPTIYF,0
AAFKRSCLK,CASSQGFGANVLTF,1
AAFKRSCLK,CASSQDPGSSYNEQFF,1
AAFKRSCLK,CATSRDGAGLVNQPQHF,1
AAFKRSCLK,CASVSGQGVSPLHF,1
AAFKRSCLK,CATSRDSVFRGSSTEAFF,0
AAFKRSCLK,CASSTGWGKQFF,0
AAFKRSCLK,CASSPGQGTNPGPQHF,0
AAFKRSCLK,CSARGFRQSSTDTQYF,0
RPHERNGFTV,CASSPHRNTEAFF,1
RPHERNGFTV,CASSPARNTEAFF,1
RPHERNGFTV,CASSQAALAGFGYEQYF,1
RPHERNGFTV,CASSPSRNTEAFF,1
RPHERNGFTV,CASRERRYNSPLHF,0
RPHERNGFTV,CSARGSVTLPYNEQFF,0
RPHERNGFTV,CAFGAGGKETQYF,0
RPHERNGFTV,CATRDLQGNQPQHF,0
TLNAWVKVV,CASSYRGQSYEQYF,1
TLNAWVKVV,CSARDAGGDYGYTF,1
TLNAWVKVV,CASSEEGAWNTGELFF,1
TLNAWVKVV,CASSLVPQGEEQYF,1
TLNAWVKVV,CASSSRTSPTNEQFF,0
TLNAWVKVV,CASCNSGNNEQFF,0
TLNAWVKVV,CASSWVWPYDSYEQYF,0
TLNAWVKVV,CASSFGPPGSSYEQYF,0
FLKEQGGL,CASSYLPGQGDHYSNQPQHF,1
FLKEQGGL,CASSYEPGQVSHYSNQPQHF,1
FLKEQGGL,CASSFEPGQGFYSNQPQHF,1
FLKEQGGL,CASSFEAGQGFFSNQPQHF,1
FLKEQGGL,CAWSSRGSIITYEQYF,0
FLKEQGGL,CASRGLGTEWQETQYF,0
FLKEQGGL,CASRKLGGYYNEQFF,0
FLKEQGGL,CASSPPGTRQAEQYF,0
FLKEMGGL,CASSYLPGQGDHYSNQPQHF,1
FLKEMGGL,CASSYEPGQVSHYSNQPQHF,1
FLKEMGGL,CASSFEPGQGFYSNQPQHF,1
FLKEMGGL,CASSFEAGQGFFSNQPQHF,1
FLKEMGGL,CSVGGTGGGGANVLTF,0
FLKEMGGL,CATEPGGSNYGYTF,0
FLKEMGGL,CASTNEGTGGNIQYF,0
FLKEMGGL,CSAAVGTGGSPLHF,0
FLKETGGL,CASSYLPGQGDHYSNQPQHF,1
FLKETGGL,CASSYEPGQVSHYSNQPQHF,1
FLKETGGL,CASSFEPGQGFYSNQPQHF,1
FLKETGGL,CASSFEAGQGFFSNQPQHF,1
FLKETGGL,CASSGGQGLATEQYF,0
FLKETGGL,CASSYSWGLPSGANVLTF,0
FLKETGGL,CASSLAPPQRDERGIQYF,0
FLKETGGL,CSAPGQIPAYEQYF,0
CCIEVINNT,CASRGQNTGELFF,1
CCIEVINNT,CASSDTPDLNTEAFF,1
CCIEVINNT,CASSVLNTGELFF,1
CCIEVINNT,CASRSQNYYGYTF,1
CCIEVINNT,CASRAIVGGNYNEQFF,0
CCIEVINNT,CASREATSGFQETQYF,0
CCIEVINNT,CSARTASGGYNEQFF,0
CCIEVINNT,CASSRTGNNSPLHL,0
RKTVRARSRTPSCRSRSHTPSRRRR,CASSRDRSNEQFF,1
RKTVRARSRTPSCRSRSHTPSRRRR,CASSLIRSEAFF,1
RKTVRARSRTPSCRSRSHTPSRRRR,CASSFIRTGQYF,1
RKTVRARSRTPSCRSRSHTPSRRRR,CASSLVDRRGEKLFF,1
RKTVRARSRTPSCRSRSHTPSRRRR,CASSLVVPSNTDTQYF,0
RKTVRARSRTPSCRSRSHTPSRRRR,CASSFSTSGRENTGELFF,0
RKTVRARSRTPSCRSRSHTPSRRRR,CASSLTGTSGSNEQYF,0
RKTVRARSRTPSCRSRSHTPSRRRR,CASSPPKGRGYTF,0
ESEERPPTPY,CASSYGIYEQFF,1
ESEERPPTPY,CASSWEGQYNEQFF,1
ESEERPPTPY,CASSSEGQFNEQFF,1
ESEERPPTPY,CASSPEGVFNEQFF,1
ESEERPPTPY,CASSLSPPGVNTEAFF,0
ESEERPPTPY,CSSSQGERQGLRETQYF,0
ESEERPPTPY,CSAKLAGGTLAKNIQYF,0
ESEERPPTPY,CASSFYPTETQYF,0
GQFLTPNSH,CASRFVAPSDGYNEQFF,1
GQFLTPNSH,CAISEVGTGSSGNTIYF,1
GQFLTPNSH,CASSLGQGRVEQYF,1
GQFLTPNSH,CAITSGQGNNEQYF,1
GQFLTPNSH,CASSVLNSGVEEKLFF,0
GQFLTPNSH,CASSKHVGGIRDTIYF,0
GQFLTPNSH,CAWSPRQGRTRFREQFF,0
GQFLTPNSH,CAIRGASANGLTF,0
FILDAVQRV,CASSLFARGGPTDTQYF,1
FILDAVQRV,CASSEIASYNEQFF,1
FILDAVQRV,CATSRTDISYEQYF,1
FILDAVQRV,CASLNNGYTF,0
FILDAVQRV,CAWSGTLSKPTF,0
FILDAVQRV,CASSQGEVSGQPQHF,0
LAMPFATPM,CASSLGTSGIQFF,1
LAMPFATPM,CASSYRTGSDEQFF,1
LAMPFATPM,CASSLPLGYEQYF,1
LAMPFATPM,CASSIGQNAEAFF,0
LAMPFATPM,CVSSYNGEQGAAGNTIYF,0
LAMPFATPM,CSVSAPGTNYNEQFF,0
TMSFSHLFYL,CASSLGGGGPQETQYF,1
TMSFSHLFYL,CASSPDPSGNEQFF,1
TMSFSHLFYL,CASSIDRTVGNTIYF,1
TMSFSHLFYL,CSARPSGRLSGELFF,0
TMSFSHLFYL,CASSQAIVQGASGNTIYF,0
TMSFSHLFYL,CASSLSGGQRYGYTF,0
ILLDWAANI,CASSYFRQSYEQYF,1
ILLDWAANI,CASSGDKNEAFF,1
ILLDWAANI,CASSAGPWGYTF,1
ILLDWAANI,CASRHTSGFPGNQPQHF,0
ILLDWAANI,CASKIRPNSPLHF,0
ILLDWAANI,CASSFGERRRYGYTF,0
LIFNMLYWI,CASSSQTGPYSNQPQHF,1
LIFNMLYWI,CASSLAQSDSLAFF,1
LIFNMLYWI,CASFNTGELFF,1
LIFNMLYWI,CASSLEGTAAGELFF,0
LIFNMLYWI,CASSQRGLESPLHF,0
LIFNMLYWI,CASSLDPSWGEQFF,0
FMIGYASAL,CSARDRSGIDTQYF,1
FMIGYASAL,CASSFGSGNTIYF,1
FMIGYASAL,CASSDRQGIATGELFF,1
FMIGYASAL,CSVGGNVRGYEQFF,0
FMIGYASAL,CASSPPIRRQGLNTEAFF,0
FMIGYASAL,CASRVTVLSTDTQYF,0
LVMPFSIVYI,CASSQGLNPGQGLDTEAFF,1
LVMPFSIVYI,CSAETGRDLEAFF,1
LVMPFSIVYI,CASSLTGLLNTEAFF,1
LVMPFSIVYI,CSAPAGPRNNQPQHF,0
LVMPFSIVYI,CASLALPFTDTQYF,0
LVMPFSIVYI,CSGAGTGGLGAFF,0
LLFGFPVYV,ASSYPGGGFYEQY,1
LLFGFPVYV,ASRPGLAGGRPEQY,1
LLFGFPVYV,CASRPGLAGGRPEQYF,1
LLFGFPVYV,CASTPSSVQSYGYTF,0
LLFGFPVYV,CASSPLGGRDGYTF,0
LLFGFPVYV,CSAVAGSPYEQYF,0
GLMAIAWFI,CSARVQGAYEQYF,1
GLMAIAWFI,CASSYQTGPYSNQPQHF,1
GLMAIAWFI,CSARAGLRESTDTQYF,1
GLMAIAWFI,CASSYFRDRGEQYF,0
GLMAIAWFI,CSGSGVSEAFF,0
GLMAIAWFI,CASSGSGTGFSGANVLTF,0
WLSLLVPFV,CASSQTIGTGFSNEQFF,1
WLSLLVPFV,CASSLGQGGVGEKLFF,1
WLSLLVPFV,CASSQQGVWGTGELFF,1
WLSLLVPFV,CASSEGGQGEGYTF,0
WLSLLVPFV,CSAAQISGANVLTF,0
WLSLLVPFV,CASIRFGTGVNTEAFF,0
FLNDLLSVL,CASSESSSTGGKWDTQYF,1
FLNDLLSVL,CASSIGTVNRGPNTEAFF,1
FLNDLLSVL,CASIETESTGELFF,1
FLNDLLSVL,CATSRESGITYEQYF,0
FLNDLLSVL,CASSVQGTSFNEQFF,0
FLNDLLSVL,CASSMTRYTGELFF,0
LLAMKVPNV,CSAETGRDLEAFF,1
LLAMKVPNV,CAQGDYNEQFF,1
LLAMKVPNV,CASSQDNNEQFF,1
LLAMKVPNV,CASSYPALQNYGYTF,0
LLAMKVPNV,CASSVVPPGPYNEQFF,0
LLAMKVPNV,CASSQDPEGANTGELFF,0
VLMGGVPGVE,CASSQGWDEQYF,1
VLMGGVPGVE,CASSFWGLGELFF,1
VLMGGVPGVE,CASSTLSGNYNEQFF,1
VLMGGVPGVE,CATSETEPSYNEQFF,0
VLMGGVPGVE,CAISFTAAGDTEAFF,0
VLMGGVPGVE,CSARDLRWGSTNEKLFF,0
FLFTFFASI,CSAIVFSRGGDEQFF,1
FLFTFFASI,CASSLRGTGSYEQYF,1
FLFTFFASI,CASSLQGGGGYTF,1
FLFTFFASI,CASSQVNKNTEAFF,0
FLFTFFASI,CASSETRGGNEQYF,0
FLFTFFASI,CASTDQDVTNEKLFF,0
IPLTEEAEL,CASRTRGGTLIEQYF,1
IPLTEEAEL,CASSFRGGKTQYF,1
IPLTEEAEL,ASRTRGGTLIEQY,1
IPLTEEAEL,CSAFGRVLSGNTIYF,0
IPLTEEAEL,CASSSGVTSGKTGANVLTF,0
IPLTEEAEL,CASSFSWGRNGGYTF,0
FIDQYYSSI,CASSLGPSLYEQYF,1
FIDQYYSSI,CASSMTVMNTEAFF,1
FIDQYYSSI,CASSFWSGGTYEQYF,1
FIDQYYSSI,CASSLVGPMHEQFF,0
FIDQYYSSI,CASSMGTSGGQETQYF,0
FIDQYYSSI,CATSGLAGVAQFF,0
AVGSHVYSV,CASSFRGEAFF,1
AVGSHVYSV,CASSVDGGPQETQYF,1
AVGSHVYSV,CASSLAYEQYF,1
AVGSHVYSV,CASRAQGAGDEQFF,0
AVGSHVYSV,CASSQGTAVNTGELFF,0
AVGSHVYSV,CASSQNLREVSDTQYF,0
AVYDGREHTV,ASSSDQNSGDPYEQYF,1
AVYDGREHTV,CASSFLMTSGDYEQYF,1
AVYDGREHTV,CASSSDQNGDPYEQYF,1
AVYDGREHTV,CSATNGLNTEAFF,0
AVYDGREHTV,CASSHRDRIGWGHSNQPQHF,0
AVYDGREHTV,CSARDSDRDREKLFF,0
MLSILALVRV,CASNPGTDFNTGELFF,1
MLSILALVRV,CASIGVSYEQYF,1
MLSILALVRV,CASSYARDRNTEAFF,1
MLSILALVRV,CASSYGPRLDYGYTF,0
MLSILALVRV,CASSQGAPRSNQPQHF,0
MLSILALVRV,CASSDTVTVSGNTIYF,0
AMAGSLVFL,CASSQDLGTGNTIYF,1
AMAGSLVFL,CASSPMTDSTDTQYF,1
AMAGSLVFL,CASSPTPGTGETQYF,1
AMAGSLVFL,CASRGFRGRSEAFF,0
AMAGSLVFL,CAWTVKNTIYF,0
AMAGSLVFL,CASRIGRHRLAGVGELFF,0
LMVLHSPSL,CASSGRDRNF,1
LMVLHSPSL,CASSFFPGELFF,1
LMVLHSPSL,CASSLSGFGNTIYF,1
LMVLHSPSL,CASSPPMAGLGQPQHF,0
LMVLHSPSL,CASSQEITGTSLGQFF,0
LMVLHSPSL,CSARRGSRSNTGELFF,0
FIFSYVVAV,CASSKGLRQFF,1
FIFSYVVAV,CASSLSVFPGRAEQYF,1
FIFSYVVAV,CASSDQGALSSYEQYF,1
FIFSYVVAV,CASNLKWDSRQETQYF,0
FIFSYVVAV,CSAPSRDRGGMDEQFF,0
FIFSYVVAV,CASSAHSLTGTNEKLFF,0
KLPLDINPV,CAISRGDTEAFF,1
KLPLDINPV,CASSLASGNEQFF,1
KLPLDINPV,CASSLNPGTSYEQYF,1
KLPLDINPV,CAISESTAINEKLFF,0
KLPLDINPV,CASTLSREYHEQFF,0
KLPLDINPV,CASSPQGRAPLHF,0
YMFLASPSV,CASSPDRFYEQYF,1
YMFLASPSV,CASSGRQGIDTEAFF,1
YMFLASPSV,CASSPYSGANVLTF,1
YMFLASPSV,CSVEGDKGAPGNIQYF,0
YMFLASPSV,CAWSVLAGGQASYNEQFF,0
YMFLASPSV,CASNLGVIVAETQYF,0
ILLDWAANV,CASSYFRQSYEQYF,1
ILLDWAANV,CASSGDKNEAFF,1
ILLDWAANV,CASSAGPWGYTF,1
ILLDWAANV,CASSLDYRTGREQYF,0
ILLDWAANV,CAWSDNGRWQPQHF,0
ILLDWAANV,CASSLRADYNSPLHF,0
TMAAISNTV,CASSQWGGNEQFF,1
TMAAISNTV,CASSFLLYNEQFF,1
TMAAISNTV,CASSVTSDQTQYF,1
TMAAISNTV,CASSLDVRRGDEQYF,0
TMAAISNTV,CASSPGRSRDTDTQYF,0
TMAAISNTV,CSADRDTSGYTF,0
YLQDSMATT,CASSISTEAFF,1
YLQDSMATT,CASSLNTEAFF,1
YLQDSMATT,CASSVEGSSYNEQFF,1
YLQDSMATT,CASSSSYSYTGELFF,0
YLQDSMATT,CASRPGTGTLTVRNTIYF,0
YLQDSMATT,CAGNRGSEAFF,0
YLLAIFSGL,CASSGSGASTDTQYF,1
YLLAIFSGL,CASSLPDRGGTKNIQYF,1
YLLAIFSGL,CASTLGQGNTEAFF,1
YLLAIFSGL,CASSIVAGGSGDTQYF,0
YLLAIFSGL,CASSGRGSGVGNQPQHF,0
YLLAIFSGL,CASSLWGSGGNQPQHF,0
FLDEFMEAV,CSARQTSGGSSYNEQFF,1
FLDEFMEAV,CATSAKTRLNTEAFF,1
FLDEFMEAV,CASSLVTGGGEAFF,1
FLDEFMEAV,CASSYQLSASGAFF,0
FLDEFMEAV,CASSPNPTGASGYTF,0
FLDEFMEAV,CASRPGGQGDQPQHF,0
QLLVSLWGL,CATSRGPTQAPYEETQYF,1
QLLVSLWGL,CASSLVGADRSGELFF,1
QLLVSLWGL,CSARDPVGGSNTGELFF,1
QLLVSLWGL,CASSKIGRGDEQYF,0
QLLVSLWGL,CASTIRGRYYTF,0
QLLVSLWGL,CASSFGLASNYGYTF,0
ILIVMVPFL,CASSLVGADRSGELFF,1
ILIVMVPFL,CASSAFGIVADTQYF,1
ILIVMVPFL,CASSPGTTTNEKLFF,1
ILIVMVPFL,CAWTPGEAGNTIYF,0
ILIVMVPFL,CASSKDRVLADTQYF,0
ILIVMVPFL,CSVMGGGSGNTIYF,0
GILEFVFTL,CASSIRSSYEQYF,1
GILEFVFTL,ASSSRSSYEQY,1
GILEFVFTL,ASSIRSSYEQY,1
GILEFVFTL,CATSSGRVLDEAFF,0
GILEFVFTL,CASSMRARAGSDTQYF,0
GILEFVFTL,CASSSDRVPQHF,0
FIDCYLLAI,CASSPHTEAFF,1
FIDCYLLAI,CASDSNYGYTF,1
FIDCYLLAI,CSADRPGQSQETQYF,1
FIDCYLLAI,CASSSRDMNEKLFF,0
FIDCYLLAI,CASSLAGSPNLYEQYF,0
FIDCYLLAI,CASSFSTGGTGANVLTF,0
KINAWIKVV,CASSPRGDWEEKAGELFF,1
KINAWIKVV,CSASRDSYEQYF,1
KINAWIKVV,CSAFSSGTGGVTGELFF,1
KINAWIKVV,CASSFRVSPGQAFF,0
KINAWIKVV,CSVLEQGNGYTF,0
KINAWIKVV,CSARGGAGAGVAEKLFF,0
SSCMGGMNWR,CASSFGSGSTDTQYF,1
SSCMGGMNWR,CASNLGGGSTDTQYF,1
SSCMGGMNWR,CASSLGTGSTDTQYF,1
SSCMGGMNWR,CASRKLAGDFADTQYF,0
SSCMGGMNWR,CASRRQGSSATNEKLFF,0
SSCMGGMNWR,CASSVDGTGGPNQPQHF,0
YILEETSVM,CAWSWGDSTNSPLHF,1
YILEETSVM,CASSLVGGTGSVSYQFF,1
YILEETSVM,CASSVDGTGGALGNTIYF,1
YILEETSVM,CASQSGGTGSGANGLTF,0
YILEETSVM,CASSIVNLYNEQFF,0
YILEETSVM,CASSVSTGGGSTGELFF,0
ARNLVPMVATVQGQN,CATESTGIGGYTF,1
ARNLVPMVATVQGQN,CASTDGQKNSPLHF,1
ARNLVPMVATVQGQN,CASSYNSAGYNEQFF,1
ARNLVPMVATVQGQN,CASAQSVNEQYF,0
ARNLVPMVATVQGQN,CASSESIGPPDNQPQHF,0
ARNLVPMVATVQGQN,CAWSASGGPGNTIYF,0
KLYGLDWAEL,CASSPRNLGPSGSYEQYF,1
KLYGLDWAEL,CASRPSRGTNYGYTF,1
KLYGLDWAEL,CASSERGMVEAFF,1
KLYGLDWAEL,CSAALTGLYGYTF,0
KLYGLDWAEL,CASSLAAGAIGDTQYF,0
KLYGLDWAEL,CASSLTGPNGDSQYF,0
LIFNMFYWI,CATSGGQSNEKLFF,1
LIFNMFYWI,CASSPGGTNEKLFF,1
LIFNMFYWI,CASSFGQGYEQYF,1
LIFNMFYWI,CSASETGKGRGYGYTF,0
LIFNMFYWI,CASSQDLQGGGTQYF,0
LIFNMFYWI,CASTFAGQSVTDTQYF,0
YMDGTMSQV,CSVTGTGLFDEQYF,1
YMDGTMSQV,CASSLVMDNYGYTF,1
YMDGTMSQV,CASSLGQGLSYEQYF,1
YMDGTMSQV,CASSFEQGPSYELYF,0
YMDGTMSQV,CASSEALGSGNGETQYF,0
YMDGTMSQV,CASSLAPQGLNEKLFF,0
IMIEFCPGG,CASRGQNTGELFF,1
IMIEFCPGG,CASSVLNTGELFF,1
IMIEFCPGG,CASSIIAGSSYNEQFF,1
IMIEFCPGG,CAIADPRGHTGELFF,0
IMIEFCPGG,CASLTGTPSYEQYF,0
IMIEFCPGG,CASRNARGHVLTF,0
CLLGTYTQDV,CSVDLEANYGYTF,1
CLLGTYTQDV,CASSSTGGGEKDQPQHF,1
CLLGTYTQDV,CASSQERGGPDTQYF,1
CLLGTYTQDV,CASSLAVQRPYEQYF,0
CLLGTYTQDV,CTSSQGPQAMDELAEAFF,0
CLLGTYTQDV,CSASSGSLQETQYF,0
YLEPGAVTA,ASSFIGGTDTQY,1
YLEPGAVTA,ASSFIGGTDTQYFG,1
YLEPGAVTA,ASSIGGPYEQYFG,1
YLEPGAVTA,CASSPVQARGTFEQYF,0
YLEPGAVTA,CATTLGARGPPRSNQPQHF,0
YLEPGAVTA,CASGQGDFYNEQFF,0
YHSIEWAI,CASSPGPNQPQHF,1
YHSIEWAI,CASSFRDEDPGNTIYF,1
YHSIEWAI,CASTPTGNTEAFF,1
YHSIEWAI,CSARDPYIDTQYF,0
YHSIEWAI,CSASFGPADRYEQYF,0
YHSIEWAI,CASRLIGGVGFFF,0
KTVGIYPNA,CASRGQNTGELFF,1
KTVGIYPNA,CASSVLNTGELFF,1
KTVGIYPNA,CASSIIAGSSYNEQFF,1
KTVGIYPNA,CASSWRSTGQGTYEQYF,0
KTVGIYPNA,CASASVTRSGNTIYF,0
KTVGIYPNA,CASSRDRTTSQYF,0
FDVMVMPNL,CASRGQNTGELFF,1
FDVMVMPNL,CASSVLNTGELFF,1
FDVMVMPNL,CASSIIAGSSYNEQFF,1
FDVMVMPNL,CASSLRTEDHQPQHF,0
FDVMVMPNL,CTSSQTLRDRDYNEQFF,0
FDVMVMPNL,CASSFNNGYTQYF,0
GTSGSPIVAR,CASSLGQGSYEQY,1
GTSGSPIVAR,CASTTGGGGYEQY,1
GTSGSPIVAR,CASSLGQGLLYGYT,1
GTSGSPIVAR,CASSHQQPGGNSPLHF,0
GTSGSPIVAR,CAPISERHTEAFF,0
GTSGSPIVAR,CASTQARANYGYTF,0
FLNDLLSVM,CASSESSSTGGKWDTQYF,1
FLNDLLSVM,CASSIGTVNRGPNTEAFF,1
FLNDLLSVM,CASIETESTGELFF,1
FLNDLLSVM,CASSQQLWDRGGPEAFF,0
FLNDLLSVM,CAWSWTSGGRDTQYF,0
FLNDLLSVM,CAISERPGGGQPQHF,0
YLEAGPVTA,ASSFIGGTDTQY,1
YLEAGPVTA,ASSFIGGTDTQYFG,1
YLEAGPVTA,ASSIGGPYEQYFG,1
YLEAGPVTA,CASSQYRNREETQYF,0
YLEAGPVTA,CASSQEWTNEQYF,0
YLEAGPVTA,CASSEGSVSSYNEQFF,0
SILDAVQRV,CASSLFARGGPTDTQYF,1
SILDAVQRV,CASSEIASYNEQFF,1
SILDAVQRV,CATSRTDISYEQYF,1
SILDAVQRV,CASRFTSEDYEQYF,0
SILDAVQRV,CASSSGGLAGDDEQFF,0
SILDAVQRV,CASSSMGHGNTIYF,0
RCMLQCPSV,CASRGQNTGELFF,1
RCMLQCPSV,CAIRQFDANTGELFF,1
RCMLQCPSV,CASSVLNTGELFF,1
RCMLQCPSV,CASSGQAPREPQHF,0
RCMLQCPSV,CATAGQEGAKNIQYF,0
RCMLQCPSV,CASGLAGDLRTGELFF,0
CLLWSFQTSA,CASSQDQGITEAFF,1
CLLWSFQTSA,CASNDRGMFNEQFF,1
CLLWSFQTSA,CASSDAGGHTDTQYF,1
CLLWSFQTSA,CSATQTSSRSYNEQFF,0
CLLWSFQTSA,CAVNGGETGVNNEQFF,0
CLLWSFQTSA,CASSMPGDHGYTF,0
CHIPVEPNT,CASRGQNTGELFF,1
CHIPVEPNT,CASSVLNTGELFF,1
CHIPVEPNT,CASSIIAGSSYNEQFF,1
CHIPVEPNT,CASSFGGATTANQPQHF,0
CHIPVEPNT,CASSLWAPPAGNTIYF,0
CHIPVEPNT,CSSSQPGWGTGANVLTF,0
YVVTWIVGA,CASSESGAAYTGELFF,1
YVVTWIVGA,CASLEAGGETQYF,1
YVVTWIVGA,CASSPHSGGDPRNEQFF,1
YVVTWIVGA,CASRPRSEVYEQYF,0
YVVTWIVGA,CASSTRIGQPNTEAFF,0
YVVTWIVGA,CTSSPGAGGQPQHF,0
NNILIATCV,CASRGQNTGELFF,1
NNILIATCV,CASSDTPDLNTEAFF,1
NNILIATCV,CASSVLNTGELFF,1
NNILIATCV,CASSLSGHGLPNEQFF,0
NNILIATCV,CASSLNWGRTEAFF,0
NNILIATCV,CASSSTPGQDPTDTQYF,0
YLEPGPATA,ASSFIGGTDTQY,1
YLEPGPATA,ASSFIGGTDTQYFG,1
YLEPGPATA,ASSIGGPYEQYFG,1
YLEPGPATA,CASSPGTASYTTEAFF,0
YLEPGPATA,CASRKLQGATYEQYF,0
YLEPGPATA,CASSPSSGFGYGYTF,0
ALEPGPVTA,ASSFIGGTDTQY,1
ALEPGPVTA,ASSFIGGTDTQYFG,1
ALEPGPVTA,ASSIGGPYEQYFG,1
ALEPGPVTA,CSARDPGGDKNIQYF,0
ALEPGPVTA,CASSTSGRLRHYEQYF,0
ALEPGPVTA,CAWSPGYQTQYF,0
GAVECCPNC,CASRGQNTGELFF,1
GAVECCPNC,CASSILGASNQPQHF,1
GAVECCPNC,CASSVLNTGELFF,1
GAVECCPNC,CASSAAGGFNEKLFF,0
GAVECCPNC,CAISESSARTGYGYTF,0
GAVECCPNC,CSARWAVQVGYTF,0
LHMEFCSCC,CASRGQNTGELFF,1
LHMEFCSCC,CAIRQFDANTGELFF,1
LHMEFCSCC,CASSVLNTGELFF,1
LHMEFCSCC,CASAGDYEQYF,0
LHMEFCSCC,CACTGYNQPQHF,0
LHMEFCSCC,CASNDQGAGGQPQHF,0
YLEPGPVAA,ASSFIGGTDTQY,1
YLEPGPVAA,ASSFIGGTDTQYFG,1
YLEPGPVAA,ASSIGGPYEQYFG,1
YLEPGPVAA,CASSAWTSFAKNIQYF,0
YLEPGPVAA,CASSVDRDPYNEQFF,0
YLEPGPVAA,CASSLNVWGREGQYNEQFF,0
GTSGAPIVNR,CASSLGQGSYEQY,1
GTSGAPIVNR,CASTTGGGGYEQY,1
GTSGAPIVNR,CASSLGQGLLYGYT,1
GTSGAPIVNR,CASSQRAGYNEQFF,0
GTSGAPIVNR,CASSETGGKTEAFF,0
GTSGAPIVNR,CAWRNAPSRGFTEAFF,0
GTSGSPIVDR,CASSLGQGSYEQY,1
GTSGSPIVDR,CASTTGGGGYEQY,1
GTSGSPIVDR,CASSLGQGLLYGYT,1
GTSGSPIVDR,CSANPGQGREQYF,0
GTSGSPIVDR,CASKTGGGGKETQYF,0
GTSGSPIVDR,CSSSLDTRNQPQHF,0
RQFGPDFPTI,ASSLWEKLAKNIQY,1
RQFGPDFPTI,CASSLWEKLAKNIQYF,1
RQFGPDFPTI,CASSVWSGGQETQYF,0
RQFGPDFPTI,CASSRTPGTSGGANTGELFF,0
VLLGVKLFGV,CASSSGYNEQFF,1
VLLGVKLFGV,CASSSPRSSRDTDTQYF,1
VLLGVKLFGV,CSASSTSGVTGELFF,0
VLLGVKLFGV,CASSSGLEWFGEQFF,0
KLPLDIDPV,CAISRGDTEAFF,1
KLPLDIDPV,CASTYRDSGNTIYF,1
KLPLDIDPV,CASSQGTGGSPYEQYF,0
KLPLDIDPV,CASSRQGIYKYEQYF,0
HPVGQADYFEY,CASSARSGELFF,1
HPVGQADYFEY,ASSARSGELF,1
HPVGQADYFEY,CASSLALHEFTDTQYF,0
HPVGQADYFEY,CAGSGGLSSGANVLTF,0
MLLKHDVSL,CASSLNMNTEAFF,1
MLLKHDVSL,CASRNTGTTNEKLFF,1
MLLKHDVSL,CAINERGPQETQYF,0
MLLKHDVSL,CATSDITYRAPNTEAFF,0
RLLPLLALL,CASSQDIGNFEQFF,1
RLLPLLALL,CSALTGNQPQHF,1
RLLPLLALL,CASSPLYREGSDTQYF,0
RLLPLLALL,CASSRNIPGQMWNEQFF,0
YLWPPVQLA,CASSYGLEQYF,1
YLWPPVQLA,CASSLASQVETQYF,1
YLWPPVQLA,CATTPDRDQPQHF,0
YLWPPVQLA,CASSSPTGGIGELFF,0
SLDLTTSPV,CASTPGTSASRDTQYF,1
SLDLTTSPV,CASSIGGQRYNEQFF,1
SLDLTTSPV,CSAPYTQMSYGYTF,0
SLDLTTSPV,CASTLLGGVGEQYF,0
FMLLTQARI,CASSEDAGNYGYTF,1
FMLLTQARI,CAGWDRTPYEQYF,1
FMLLTQARI,CASSFTVTGLSNQPQHF,0
FMLLTQARI,CASSQSEAEPGQGSYEQYF,0
SVLENFTILL,CASRIPDRNEQFF,1
SVLENFTILL,CASSENTGELFF,1
SVLENFTILL,CASISQEYEAFF,0
SVLENFTILL,CATSIRQGTGGSGANVLTF,0
FLASPSVPL,CASSQGGQDGHGTTNEKLFF,1
FLASPSVPL,CASIQDRDRPNSPLHF,1
FLASPSVPL,CASRRRQSNEKLFF,0
FLASPSVPL,CASSVAAGTSGGTQYF,0
CPSQEPMSIYVY,CASRPGTASYEQYF,1
CPSQEPMSIYVY,CASRPGTSSYEQYF,1
CPSQEPMSIYVY,CASTPFGEGNTEAFF,0
CPSQEPMSIYVY,CASSAESGYRRSPLHF,0
HPVGDADYFEY,CASSARSGELFF,1
HPVGDADYFEY,ASSARSGELF,1
HPVGDADYFEY,CASSYSGWDRPYEQYF,0
HPVGDADYFEY,CASSLMGDRGGAYNEQFF,0
FLDEFMEGV,CATSAKTRLNTEAFF,1
FLDEFMEGV,CASSLVTGGGEAFF,1
FLDEFMEGV,CASSLSGRQHNEQFF,0
FLDEFMEGV,CSVDSTGPYGYTF,0
ILAKFLHWL,ASSYQGTEAF,1
ILAKFLHWL,CASSYQGTEAFF,1
ILAKFLHWL,CSAGTGRHQYF,0
ILAKFLHWL,CATSRALSGETQYF,0
RQWGPDPAAV,ASSLWEKLAKNIQY,1
RQWGPDPAAV,CASSLWEKLAKNIQYF,1
RQWGPDPAAV,CAWSRKGDTIYF,0
RQWGPDPAAV,CASSPISGTESNQPQHF,0
ILDQVPFSV,CASSMGGTYEQYF,1
ILDQVPFSV,ASSPGGNEQL,1
ILDQVPFSV,CASSPTLAGRGRDEQYF,0
ILDQVPFSV,CASSAHEADEQYF,0
KLANPLPYT,CSARGGGFETQYF,1
KLANPLPYT,CASSLGPGGASYTF,1
KLANPLPYT,CASSVVVGYTF,0
KLANPLPYT,CATSRGAGLPPSLGYTF,0
FIMGISILL,CASSYGVNTEAFF,1
FIMGISILL,CASSEMDGSNQPQHF,1
FIMGISILL,CSARDPADTYSNQPQHF,0
FIMGISILL,CATAEAGGTDTQYF,0
SVLENFTIFL,CASSDPRGQPNQPQHF,1
SVLENFTIFL,CASTQPVDMNTEAFF,1
SVLENFTIFL,CATSTGWGNTDTQYF,0
SVLENFTIFL,CASSALAGQGVSYEQYF,0
MLWGYLQYV,ASRPGLAGGRPEQY,1
MLWGYLQYV,CASRPGLAGGRPEQYF,1
MLWGYLQYV,CASSMNRNEQFF,0
MLWGYLQYV,CSSSLPTTGFGNTIYF,0
GLYDGMEHL,CASTSYTEAFF,1
GLYDGMEHL,CAGMTVTEAFF,1
GLYDGMEHL,CASVMGGGETQYF,0
GLYDGMEHL,CAKSRGQETQYF,0
ESDPIVAQY,ASSFNMATGQY,1
ESDPIVAQY,CASSFNMATGQYF,1
ESDPIVAQY,CASTPGWGTGTYEQYF,0
ESDPIVAQY,CSAVRGSAHEQYF,0
FLTVFSPFM,CASSQDRGKDTQYF,1
FLTVFSPFM,CASSPWTGAEKLFF,1
FLTVFSPFM,CASSSPAGENSPLHF,0
FLTVFSPFM,CASSLDSGDSYGYTF,0
TLSKPSPMPV,CASSYSPGTGNTIYF,1
TLSKPSPMPV,CASSLADVGQYDTDTQYF,1
TLSKPSPMPV,CASSQLGTADQPQHF,0
TLSKPSPMPV,CASSYEGGGLTQYF,0
SLFNTIAVL,ASSDTVSYEQY,1
SLFNTIAVL,CASSDTVSYEQYF,1
SLFNTIAVL,CSATAGTSGRLDEQYF,0
SLFNTIAVL,CASRTLSSSYGYTF,0
YLLFMIGYA,CASSFASGGYNEQFF,1
YLLFMIGYA,CASSHSWGETQYF,1
YLLFMIGYA,CASSPPTRGPGGYTF,0
YLLFMIGYA,CASSRGSRGDSPLHF,0
LLFGYAVYV,ASRPGLAGGRPEQY,1
LLFGYAVYV,CASRPGLAGGRPEQYF,1
LLFGYAVYV,CSAGLAGRTDTQYF,0
LLFGYAVYV,CASSLSPNPGFEKLFF,0
FLSDHLYLV,CASSFRGNTGELFF,1
FLSDHLYLV,CASSVAGGSGNTIYF,1
FLSDHLYLV,CASGVGGQGVLEANVLTF,0
FLSDHLYLV,CASSGASGTKGGELFF,0
RLIKHYPGI,CASSSNIWSPDTQYF,1
RLIKHYPGI,CASSSSSGDEQYF,1
RLIKHYPGI,CASSRRREESRDTQYF,0
RLIKHYPGI,CASSLFSGLWTEAFF,0
GVYDGREHTV,ASSSDQNSGDPYEQYF,1
GVYDGREHTV,CASSFLMTSGDPYEQYF,1
GVYDGREHTV,CASSLGGIESGEQFF,0
GVYDGREHTV,CASSFQTRTENEYF,0
ILIVMFPFL,CASSPVGDTQYF,1
ILIVMFPFL,CSVQGNSEAFF,1
ILIVMFPFL,CASSRHRLEKLFF,0
ILIVMFPFL,CASSQDSPSWGTQYF,0
LMVPHSPSL,CASIPVGSRNTIYF,1
LMVPHSPSL,CASGGDAYEQYF,1
LMVPHSPSL,CASLARRSQETQYF,0
LMVPHSPSL,CAWRDYRVSNYGYTF,0
YQFGPDFPIA,ASSLWEKLAKNIQY,1
YQFGPDFPIA,CASSLWEKLAKNIQYF,1
YQFGPDFPIA,CASNQARDVNSPLHF,0
YQFGPDFPIA,CASSEALRRLGEQYF,0
SLYNTIATL,ASSDTVSYEQY,1
SLYNTIATL,CASSDTVSYEQYF,1
SLYNTIATL,CASTASWESSYEQYF,0
SLYNTIATL,CASSYGQGARFGELFF,0
RQFGPDWIVA,ASSLWEKLAKNIQY,1
RQFGPDWIVA,CASSLWEKLAKNIQYF,1
RQFGPDWIVA,CAWSADFTNYGYTF,0
RQFGPDWIVA,CASSCGAPNEKLFF,0
AQWGPDPAAA,ASSLWEKLAKNIQY,1
AQWGPDPAAA,CASSLWEKLAKNIQYF,1
AQWGPDPAAA,CASDVGERNTEAFF,0
AQWGPDPAAA,CASSIDLMGHGYEQYF,0
VLLGVKLSGV,CAWSVGNYGYTF,1
VLLGVKLSGV,CASSSAGTEAFF,1
VLLGVKLSGV,CASSYSRRSSSSREQYF,0
VLLGVKLSGV,CASSLAAGLGFAGELFF,0
RHDLPPYRVYL,CASSSTGADSHEQFF,1
RHDLPPYRVYL,CASRLVRKKGEDQPQHF,1
RHDLPPYRVYL,CASSREGSGSDTGELFF,0
RHDLPPYRVYL,CASSPKALGSYNEQFF,0
EEYLKAWTF,CASSLGQAYEQYF,1
EEYLKAWTF,ASSLGQAYEQY,1
EEYLKAWTF,CASSLTPLSHRTVATNEKLFF,0
EEYLKAWTF,CASRSRVTTGELFF,0
RYPLTLGWCF,ASSSWDTGELF,1
RYPLTLGWCF,CASSSWDTGELFF,1
RYPLTLGWCF,CSAAPPTGREETQYF,0
RYPLTLGWCF,CSAKRFAGTGESYERYF,0
LLFGYPVAV,ASRPGLAGGRPEQY,1
LLFGYPVAV,CASRPGLAGGRPEQYF,1
LLFGYPVAV,CASSPSSSVNEQFF,0
LLFGYPVAV,CASSPPLAGGGKSTDTQYF,0
VMAPRTLVL,ASSANPGDSSNEKLF,1
VMAPRTLVL,CASSANPGDSSNEKLFF,1
VMAPRTLVL,CASDVQGRKNQPQHF,0
VMAPRTLVL,CASSSWASRLGTEAFF,0
LMLWASSSI,CASSQEQLGGEQYF,1
LMLWASSSI,CASSQDWGAEAFF,1
LMLWASSSI,CSVAQFAYNEQFF,0
LMLWASSSI,CASSNNRRYGYTF,0
FLMASISSS,CASSVDGTEETQYF,1
FLMASISSS,CASSLNTEAFF,1
FLMASISSS,CASTELGTGDEKLFF,0
FLMASISSS,CATGFVGTDTQYF,0
GILGLVFTL,ASSSRSSYEQY,1
GILGLVFTL,CASSSRSSYEQYF,1
GILGLVFTL,CSAPPGSGRAAEQFF,0
GILGLVFTL,CASRAGTTATGELFF,0
FLGIYTVTV,CASSDNDWRLQYF,1
FLGIYTVTV,CASSQESGGGTEAFF,1
FLGIYTVTV,CASSQLGVQGPNTEAFF,0
FLGIYTVTV,CASSLSLQSRGVDEQFF,0
GEEDGAGGHSL,CASSQAGGTGELFF,1
GEEDGAGGHSL,CASSRSTGGSGNTIYF,1
GEEDGAGGHSL,CASSLGIRGVYYGYTF,0
GEEDGAGGHSL,CASSQILQTPNEQFF,0
MLGEQLFPL,CASSYGNTGELFF,1
MLGEQLFPL,CASSFGSGEQFF,1
MLGEQLFPL,CASSFWPPLGGSPYEQYF,0
MLGEQLFPL,CASSLAGIITHEQYF,0
LLFGYPRYV,ASRPGLAGGRPEQY,1
LLFGYPRYV,CASRPGLAGGRPEQYF,1
LLFGYPRYV,CASSRGQAGQPQHF,0
LLFGYPRYV,CATSDLALPSAQYF,0
LGYGFVNYI,ASRPGLAGGRPEQY,1
LGYGFVNYI,CASRPGLAGGRPEQYF,1
LGYGFVNYI,CASSQPRFGQMNEKLFF,0
LGYGFVNYI,CASKGDSLYGYTF,0
LIIPCIHLI,CASSFPDRGQGVYGYTF,1
LIIPCIHLI,CASSWWLNTEAFF,1
LIIPCIHLI,CASSFYGGLRRTEAFF,0
LIIPCIHLI,CASGLGRQRGYTF,0
ALWGPDPAAA,ASSLWEKLAKNIQY,1
ALWGPDPAAA,CASSLWEKLAKNIQYF,1
ALWGPDPAAA,CSARIAGVDDTQYF,0
ALWGPDPAAA,CASLPGGAGLTYGYTF,0
EVDPIGHLY,ASSFNMATGQY,1
EVDPIGHLY,CASSFNMATGQYF,1
EVDPIGHLY,YSSGGAGVETQYF,0
EVDPIGHLY,CAGLRLPSGQGSWDEQYF,0
YLGGPDFPTI,ASSLWEKLAKNIQY,1
YLGGPDFPTI,CASSLWEKLAKNIQYF,1
YLGGPDFPTI,CASYPGLAGARQYF,0
YLGGPDFPTI,CSVERTGTSGRVTDTQYF,0
TAMDLFVTV,CSARNRASYNSPLHF,1
TAMDLFVTV,CSARDWGYEQYF,1
TAMDLFVTV,CASSLIPEGGIYTF,0
TAMDLFVTV,CASSTSGTGAYYGYTF,0
ILGGQVVHTV,CATPSRAQYDYGYTF,1
ILGGQVVHTV,CAWSSSVNTEAFF,1
ILGGQVVHTV,CASSEEEGGCFSPLHF,0
ILGGQVVHTV,CATVGGFNQPQHF,0
KLSELHTYI,CASSFGGASEAFF,1
KLSELHTYI,CASSYGQPNTEAFF,1
KLSELHTYI,CSAKRGRSYNEQFF,0
KLSELHTYI,CASSPSQGIPEAFF,0
EEYLQAFTY,CASSLGQAYEQYF,1
EEYLQAFTY,ASSLGQAYEQY,1
EEYLQAFTY,CATSRDRFSGNEKLFF,0
EEYLQAFTY,QGEKEETQYF,0
MVWGPDPLYV,ASSLWEKLAKNIQY,1
MVWGPDPLYV,CASSLWEKLAKNIQYF,1
MVWGPDPLYV,CASSEDPDRGWDTQYF,0
MVWGPDPLYV,CASSGTREGNTIYF,0
SMDWFQGQM,CASSRDTVNTEAFF,1
SMDWFQGQM,CASSRDFVSNEQYF,1
SMDWFQGQM,CASSLVGGNEYF,0
SMDWFQGQM,CASSQSRVTSGKTGELFF,0
LMDYWQGQL,CASSRDTVNTEAFF,1
LMDYWQGQL,CASSRDFVSNEQYF,1
LMDYWQGQL,CASSLNPPSMTVAEAFF,0
LMDYWQGQL,CSAREGRKNTEAFF,0
CVETMCNEY,CASGGADMKTEAFF,1
CVETMCNEY,CASSLARNQPQHF,1
CVETMCNEY,CASSLAKVSNTEAFF,0
CVETMCNEY,CAPEGQGDTEAFF,0
FPQGEAREL,CASSPRGRDETQYF,1
FPQGEAREL,CASSPRGREETQYF,1
FPQGEAREL,CSARSSIREQGALMPQHF,0
FPQGEAREL,CASSLAGQGDPTGELFF,0
AARAVFLAL,CASLGAQNNEQF,1
AARAVFLAL,CASSYSTGDEQYF,1
AARAVFLAL,CASSDRETPNYGYTF,0
AARAVFLAL,CASTPSGPGRGTEAFF,0
FQAQHIAMA,CASSPGGEGEQYF,1
FQAQHIAMA,CASSLRSSYEQYF,1
FQAQHIAMA,CASSEVPLGGTGELFF,0
FQAQHIAMA,CASSPADIRQETQYF,0
MMDFFNAQM,CASSRDTVNTEAFF,1
MMDFFNAQM,CASSRDFVSNEQYF,1
MMDFFNAQM,CASSPPWSSGRLETQYF,0
MMDFFNAQM,CASSPVRDSPYNEQFF,0
GEIYKRWII,CASSHTTGGRTEAFF,1
GEIYKRWII,CASSTKAGGLADTQYF,1
GEIYKRWII,CSAMRTGEGDTQYF,0
GEIYKRWII,CASSHSSTYGYTF,0
SAYGEPRKL,CASLAGQGYNEQF,1
SAYGEPRKL,CASRLWFWALEAF,1
SAYGEPRKL,CASSSYAGTSPLLETQYF,0
SAYGEPRKL,CAWSHNLGQGVRNQPQHF,0
LSEFCRVLCCYVLEE,CASSFATGTAYGYTF,1
LSEFCRVLCCYVLEE,CASSNPQGAKYEQFF,1
LSEFCRVLCCYVLEE,CATSSDSYGASGRGGLWGNEQFF,0
LSEFCRVLCCYVLEE,CASSSYPGQGASGYTF,0
KMDYFSGQL,CASSRDTVNTEAFF,1
KMDYFSGQL,CASSRDFVSNEQYF,1
KMDYFSGQL,CASSQWTGVYEQYF,0
KMDYFSGQL,CASSRGRQGTNEKLFF,0
WLIRETQPITK,CASSLDFSRQETQYF,1
WLIRETQPITK,CASSLYLASNTGELFF,1
WLIRETQPITK,CASSSRRASGGDTQYF,0
WLIRETQPITK,CAGSAGGPLWQQYF,0
NMMWFQGQL,CASSRDTVNTEAFF,1
NMMWFQGQL,CASSRDFVSNEQYF,1
NMMWFQGQL,CASSQDGASGQYF,0
NMMWFQGQL,CASSLGYGRGDYEQYF,0
FMPDFDLHL,CASSLYRGTGELFF,1
FMPDFDLHL,CASSESRSGNQPQHF,1
FMPDFDLHL,CASSRPSASGLNEQYF,0
FMPDFDLHL,CASSVAENRGSLSSYNSPLHF,0
YHSIEWA,CASSPGPNQPQHF,1
YHSIEWA,CASTPTGNTEAFF,1
YHSIEWA,CASSSQEGHQPQHF,0
YHSIEWA,CASSPTRGDRGYGYTF,0
TEDEHFEFY,CSVEDRRGPFYGYTF,1
TEDEHFEFY,CASSNRGYDEQYF,1
TEDEHFEFY,CASSVLPGQGYSGYTF,0
TEDEHFEFY,CASGLVGQREDLNNEQFF,0
YFFWGLWAL,CSARDRNYGYTF,1
YFFWGLWAL,CASSLIRGSYEQYF,1
YFFWGLWAL,CASRVDGTSGSRGELFF,0
YFFWGLWAL,CASSPWDGKGNTEAFF,0
GLLDEDFYA,CASSMRVQSNTGELFF,1
GLLDEDFYA,CASSDRNTNYGYTF,1
GLLDEDFYA,CATSDSRGTASNYGYTF,0
GLLDEDFYA,CASSVLGGGWDTQYF,0
VQIISCQY,CASSGRVTGGFYNEQFF,1
VQIISCQY,CASSFGGAYEQYF,1
VQIISCQY,CASSQDSVKSGYTF,0
VQIISCQY,CSANSRPGQYNEKLFF,0
KTFPPTEPK,CASSRAGTGYNEQFF,1
KTFPPTEPK,CASSPSVYFEVSGANVLTF,1
KTFPPTEPK,CASSVDPGRGRGNTIYF,0
KTFPPTEPK,CASSYSSGTSGPKSTDTQYF,0
NLQREEYTV,CASSGGTGYEQYF,1
NLQREEYTV,CASSTSAANQPQHF,1
NLQREEYTV,CAISELGTENNEQFF,0
NLQREEYTV,CSVPRGLKWNQPQHF,0
KVDPIGHVY,CASSFDRGYGYTF,1
KVDPIGHVY,CASSSQGGYGYTF,1
KVDPIGHVY,CASTVTGFATDTQYF,0
KVDPIGHVY,CASSYTPRHAYNEQFF,0
IMLEALERV,CASSPGKTEAFF,1
IMLEALERV,CASSESGRAEAFF,1
IMLEALERV,CASSPLASGRPEYEQYF,0
IMLEALERV,CASSLRGRQGGNSPLHF,0
AARGPHGGAASGL,CAILGQGYGYTF,1
AARGPHGGAASGL,CASQTFSPGQTQF,1
AARGPHGGAASGL,CASSEHRQGAYEQYF,0
AARGPHGGAASGL,CVSSVGGASNQPQHF,0
FLRGRAFGL,ASSLGQAYEQY,1
FLRGRAFGL,ASSFTWTSGGATDTQY,1
FLRGRAFGL,CASSEFYMGGVSTDTQYF,0
FLRGRAFGL,CASSQEAGQGREQFF,0
MIISHLSLI,CASREQGMNTEAFF,1
MIISHLSLI,CASRPRQVETQYF,1
MIISHLSLI,CSATPPPQNNEQFF,0
MIISHLSLI,CASSLNRGGQGNTDTQYF,0
KLKSLGLNAV,ASRRSAYLQY,1
KLKSLGLNAV,ASRRGSLELV,1
KLKSLGLNAV,CASSYGTVLRELFF,0
KLKSLGLNAV,CAISESPSGTNYEQYF,0
QDVEIPPNI,CASRGQNTGELFF,1
QDVEIPPNI,CASSVLNTGELFF,1
QDVEIPPNI,CASSLAGVSGNYEQYF,0
QDVEIPPNI,CASSAHETGSTEAFF,0
QLRSLGLNAV,ASRRSAYLQY,1
QLRSLGLNAV,ASRRGSLELV,1
QLRSLGLNAV,CASKQNQGRDQPQHF,0
QLRSLGLNAV,CASRRSASAYEQYF,0
KLVVLGINAV,ASRRSAYLQY,1
KLVVLGINAV,ASRRGSLELV,1
KLVVLGINAV,CATTEEEGGTYEQYF,0
KLVVLGINAV,CASSLGRGTINEQFF,0
QLRTLGLNAV,ASRRSAYLQY,1
QLRTLGLNAV,ASRRGSLELV,1
QLRTLGLNAV,RASSLNDGCNQPQHF,0
QLRTLGLNAV,CASSPRLAGSISAGELFF,0
APRGPHGGAASAL,CAILGQGYGYTF,1
APRGPHGGAASAL,CASQTFSPGQTQF,1
APRGPHGGAASAL,CATSLDRGPTDTQYF,0
APRGPHGGAASAL,CASSRRNSGSYEQYF,0
LLFNILGGWV,CASLGLEYEQYF,1
LLFNILGGWV,CATRGGEGQPQHF,1
LLFNILGGWV,CASSRETRGADYGYTF,0
LLFNILGGWV,CASSLGSQSGANVLTF,0
RVIGMPPPV,CASSIGDYEQYF,1
RVIGMPPPV,CASSTGADLTYEQYF,1
RVIGMPPPV,CASSPGWARTPGNTIYF,0
RVIGMPPPV,CASSLGALDSPSGNTIYF,0
ELAGIAILTV,AWSETGLGMGGWQ,1
ELAGIAILTV,RPGWMAGL,1
ELAGIAILTV,CASSLFWRAHSGANVLTF,0
ELAGIAILTV,CASRVYLAGGQETQYF,0
FLRGRAYVL,ASSLGQAYEQY,1
FLRGRAYVL,ASSFTWTSGGATDTQY,1
FLRGRAYVL,CSVEGTGLRSYEQYF,0
FLRGRAYVL,CASSPRTSGSRRTNTGELFF,0
VQYLGMLPV,CASSQNGSEAAYSNQPQHF,1
VQYLGMLPV,CASSTPGGWNTEAFF,1
VQYLGMLPV,CSAQITGYSYEQYF,0
VQYLGMLPV,CSAETENQPQHF,0
SYMIMEIEL,CASSQGIAGSNQPQHF,1
SYMIMEIEL,CASRDHRVIYGYTF,1
SYMIMEIEL,CASSYSGTAARSYEQYF,0
SYMIMEIEL,CSALQQGARETQYF,0
APRGPHAGAASGL,CAILGQGYGYTF,1
APRGPHAGAASGL,CASQTFSPGQTQF,1
APRGPHAGAASGL,CASSWSGTGATSSTDTQYF,0
APRGPHAGAASGL,CASTLLGQGLARDTEAFF,0
YLRGRAYGL,ASSLGQAYEQY,1
YLRGRAYGL,ASSFTWTSGGATDTQY,1
YLRGRAYGL,CASSEGPADPYNEQFF,0
YLRGRAYGL,CASSDTASGISSYTDTQYF,0
ELAAIGILTV,AWSETGLGMGGWQ,1
ELAAIGILTV,RPGWMAGL,1
ELAAIGILTV,CASRDAGTASTGYTF,0
ELAAIGILTV,CASSYTPNVYGELFF,0
KIILFLPCI,CASRGQNTGELFF,1
KIILFLPCI,CASSVLNTGELFF,1
KIILFLPCI,CAWSMTGGRHTQYF,0
KIILFLPCI,CASTQGPPGQFF,0
ELAGIGILAV,AWSETGLGMGGWQ,1
ELAGIGILAV,RPGWMAGL,1
ELAGIGILAV,CSASIYRGPSYEQYF,0
ELAGIGILAV,CSGHRDRVHEQYF,0
APRGPHGGAASGA,CAILGQGYGYTF,1
APRGPHGGAASGA,CASQTFSPGQTQF,1
APRGPHGGAASGA,CASSWTGESEQYF,0
APRGPHGGAASGA,CSVEDRQLYGYTF,0
APRGPHGGAAAGL,CAILGQGYGYTF,1
APRGPHGGAAAGL,CASQTFSPGQTQF,1
APRGPHGGAAAGL,CSAQGRFNQPQHF,0
APRGPHGGAAAGL,CASSYSERGAADTQYF,0
QLSSLGLNAV,ASRRSAYLQY,1
QLSSLGLNAV,ASRRGSLELV,1
QLSSLGLNAV,CASSLGRQPANYGYTF,0
QLSSLGLNAV,CASSREQGAIGNQPQHF,0
ALAGIGILTV,AWSETGLGMGGWQ,1
ALAGIGILTV,RPGWMAGL,1
ALAGIGILTV,CASRIWDRNYGYTF,0
ALAGIGILTV,CASSTTGQGREPQHF,0
NLVAMVATV,ASSPVTGGIYGYT,1
NLVAMVATV,CASSLAPGTTNEKLFF,1
NLVAMVATV,CASSVKAGGLDTQYF,0
NLVAMVATV,CASSIAYWEGDTGELFF,0
ELAGIGIATV,AWSETGLGMGGWQ,1
ELAGIGIATV,RPGWMAGL,1
ELAGIGIATV,CASSIGDGSPQTQYF,0
ELAGIGIATV,CASSPGTGGWKQYF,0
RLMKHYPGI,CASSSNIWSPDTQYF,1
RLMKHYPGI,CASSSSSGDEQYF,1
RLMKHYPGI,CASSQVILAGEDTQYF,0
RLMKHYPGI,CASSLGEWVSYTEAFF,0
ALRGMGVNAV,ASRRSAYLQY,1
ALRGMGVNAV,ASRRGSLELV,1
ALRGMGVNAV,CASSLAGREKYF,0
ALRGMGVNAV,CATSAPYGTSGRAGTQYF,0
TSTLQEQIGW,CASSQARGGAETQYF,1
TSTLQEQIGW,CAISRQGARQETQYF,1
TSTLQEQIGW,CASGEGVDDVRVTQYF,0
TSTLQEQIGW,CASSPKRDRETQYF,0
QLTSLGLNAV,ASRRSAYLQY,1
QLTSLGLNAV,ASRRGSLELV,1
QLTSLGLNAV,CASSSLGDMRYNEQFF,0
QLTSLGLNAV,CASSLYGGGQPQHF,0
FMLLTQARL,CASSEDAGNYGYTF,1
FMLLTQARL,CAGWDRTPYEQYF,1
FMLLTQARL,CSAAGGRETQYF,0
FMLLTQARL,CASTWGTIDSPLHF,0
TLRGRAYGL,ASSLGQAYEQY,1
TLRGRAYGL,ASSFTWTSGGATDTQY,1
TLRGRAYGL,CASSSFSGGQGEQFF,0
TLRGRAYGL,CASSRVDLEIEAFF,0
KLSGLGINAV,ASRRSAYLQY,1
KLSGLGINAV,ASRRGSLELV,1
KLSGLGINAV,CASSGRRTGRTNEQFL,0
KLSGLGINAV,CASSVTGFWGEQYF,0
RVRFFFPSL,CASSLASGSNQPQHF,1
RVRFFFPSL,CATSETGVGYGYTF,0
HQNPVTGLLL,CASSPGREQYF,1
HQNPVTGLLL,CASMGPGETQYF,0
YMLTLHTKL,CASSFGQEEGQPQHF,1
YMLTLHTKL,CSAIDRAGDQPQHF,0
LLFAAFSSA,CASSQDWAASNSPLHF,1
LLFAAFSSA,CASSQDSLAGERDEQFF,0
LLFGLALIEV,CASTWTGEQYF,1
LLFGLALIEV,CSAREPGTQETQYF,0
VYFFLPDHL,CASSLLPEGTGRVSGYTF,1
VYFFLPDHL,CASSLARVSYEQYF,0
LLIDLTSFLL,CASSESTIVQGYNEQFF,1
LLIDLTSFLL,CASSESIPSLARITYEQYF,0
HRRGSRSYV,CATSSEDSSNQPQHF,1
HRRGSRSYV,CASCRPTSGGADTQYF,0
MEVDPIGHLY,CSANPRTTLYEQYF,1
MEVDPIGHLY,CASSLAAGGPLETQYF,0
RLHDLVFPL,CAITSGFSYEQYF,1
RLHDLVFPL,CASSEVGQGHFGYTF,0
RYGSFSVTL,CASSLMGGGNTIYF,1
RYGSFSVTL,CASWPGRTDTQYF,0
HIVEISTPV,CASSLRTNSDTQYF,1
HIVEISTPV,CASSAGQTLGSNQPQHF,0
HIAKSPFEV,CASSSGTGAYEQYF,1
HIAKSPFEV,CASNTASGQAETQYF,0
YTSEILSPI,CASSALAGGYNEQFF,1
YTSEILSPI,CASSLERGREGTDTQYF,0
MLIGIPVYV,CASSTSTGQGWHYGYTF,1
MLIGIPVYV,CSATVRPSGSSYNEQFF,0
GLLHHAPSL,CASSFEWSYEQYF,1
GLLHHAPSL,CASSLPGNYTF,0
RVSTLRVSL,CASSLSWGSSYNEQFF,1
RVSTLRVSL,CAISVEQGADEQYF,0
EFTVSGNIL,CASSPGVGTEAFF,1
EFTVSGNIL,CSVGPSGPNTGELFF,0
KLAKPLPYT,CASDPDSLIHNTGELFF,1
KLAKPLPYT,CAIPLKQFF,0
EEAAGIGIL,CASSPHAGGVDEKLFF,1
EEAAGIGIL,CASSLARGTGEGTQYF,0
NLAQTDLATV,CASSHRGSGNTIYF,1
NLAQTDLATV,CASNSLAGVLQGSTDTQYF,0
RLHDLVLPL,CATQWTGGHEQYF,1
RLHDLVLPL,CASSLAKGALQETQYF,0
RLWEPLRVV,CASSLAAGGGETQYF,1
RLWEPLRVV,CASSTTSGLADTQYF,0
ESITGSLGPLL,CASSPGASYEQYF,1
ESITGSLGPLL,CASVQGADTGELFF,0
FVYVFTTHL,CASSFNYNEQFF,1
FVYVFTTHL,CASSAIRTGGFYGYTF,0
FQDYIKSYL,CASSHHSGGIYNEQFF,1
FQDYIKSYL,CASSLGPDRATEAFF,0
QLIPCMDVV,CASSPGPYEQYF,1
QLIPCMDVV,CSARKDREGEAFF,0
VLFAAFSSA,CASSQGYEQYF,1
VLFAAFSSA,CASSYGLGQGVTGELFF,0
YLYDRLLRV,CASSLDQGAQDNEQFF,1
YLYDRLLRV,CSAKTNWGTDTQYF,0
FLGIYTVTVV,CSVPGTAYEQYF,1
FLGIYTVTVV,CASSPRGGTSGSGREQFF,0
TLFTMVGTV,CASSPTAEAFF,1
TLFTMVGTV,CASSRGQGAGSSQPQHF,0
GLSPNLNRFL,CASSAGLFPEQFF,1
GLSPNLNRFL,CASSLGTIASPLHF,0
KIFGSLAFL,CASSLEIFGGIADTDTQYF,1
KIFGSLAFL,CAISSMSSYEQYF,0
NLFNRYLAL,CASSDGNEQFF,1
NLFNRYLAL,CSALLAEGYGYTF,0
VLASPSVPL,CASSQGGQDGHGTTNEKLFF,1
VLASPSVPL,CASSLHRTEDYGYTF,0
QLCDVMFYL,CASSLFTGTNEQFF,1
QLCDVMFYL,CSAPSPGQTQETQYF,0
FLWSVFMLI,CASSLAENSGNTIYF,1
FLWSVFMLI,CARALGPTFFYEQYF,0
YLVALGINAV,CASSFLGTGLNEQYF,1
YLVALGINAV,CASSARQGFYLTEAFF,0
FQLNQSFEI,CASSGPIVETQYF,1
FQLNQSFEI,CASSNGVGPTYEQYF,0
KLLAGDEIV,CAISESKGNYGYTF,1
KLLAGDEIV,CASSHWGAGGRSYEQYF,0
KLSHQPVLL,CASSFSATGELFF,1
KLSHQPVLL,CAISPYGSGRDIQYF,0
LYPEFIASI,CATSFAPGQGEHGYTF,1
LYPEFIASI,CASSTGVRNSPLHF,0
ALLETLSLLL,CSARNRDTYYNEQFF,1
ALLETLSLLL,CASSLTATSGNEQFF,0
ALLQVTLLL,CASSSTDGYQETQYF,1
ALLQVTLLL,CASSPPRRGRDQPQHF,0
LVIGMPPPV,CASSTGADLTYEQYF,1
LVIGMPPPV,CASYANTEAFF,0
FSFPLDFLV,CASSLTGSSDTQYF,1
FSFPLDFLV,CASSLDLGLESADTQYF,0
VMIIVSSLAV,CSVGLGQTGTEAFF,1
VMIIVSSLAV,CASSEARLAGGYEQYF,0
SLLQGSPHV,CASSPPDQVYNEQFF,1
SLLQGSPHV,CASSLSQRLRGDTQYF,0
HQLGGVVEV,CASSMGTGGFYGYTF,1
HQLGGVVEV,CASSLAASTSSYEQYF,0
KLSELHAYI,CASSFGGASEAFF,1
KLSELHAYI,CASSVRVGGPQETQYF,0
LLWNTVWNM,CASSSTGGGGELFF,1
LLWNTVWNM,CASSYSRQFNGEQYF,0
YLSNIIPAL,CASSLVSPSEQFF,1
YLSNIIPAL,CSAAGGPPIQETQYF,0
RMEQVDWTV,CASSPSGLAGSNLGNEQFF,1
RMEQVDWTV,CASSYGLVGPPDEQYF,0
SMGVTYEM,CASSLVNGLGYTF,1
SMGVTYEM,CATQRGGDGDASGNTIYF,0
QTNPVTLQY,CASSLNSGHTQYF,1
QTNPVTLQY,CASGLVLGTTTNTGELFF,0
RSGGFSFGK,CASSPNPQGANMDTQYF,1
RSGGFSFGK,CSARKGLELTGELFF,0
KLTESLHKV,CASSSTRGWADTQYF,1
KLTESLHKV,CASSQQTGSSNSPLHF,0
DEEDAIAAY,CASSPGGGKETQYF,1
DEEDAIAAY,CASSLYRGPGVEAFF,0
VPLTEDAEL,CASRTRGGTLIEQYF,1
VPLTEDAEL,CSAPTLWGARGNQPQHF,0
YMPTTIIAA,CASSWTGDSNQPQHF,1
YMPTTIIAA,CASSQADRGYGYTF,0
FRNEGIHL,CASSVGNGASTDTQYF,1
FRNEGIHL,CASRAGQTGHQPQHF,0
ILCETCLIV,CASSDLPGAPTDTQYF,1
ILCETCLIV,CASSSTSGSRTGELFF,0
FLPDLNVNA,CASSLAYRPYEQYF,1
FLPDLNVNA,CASPLYVPSYEQYF,0
NVEYYDIKL,CASSPSGLAGSNLGNEQFF,1
NVEYYDIKL,CATSQGLGPYEQYF,0
VLEEVDWLI,CASSPSGLAGSNLGNEQFF,1
VLEEVDWLI,CSARVLEGNPRGNEQYF,0
FMYSDFHFI,CASSPTGTGYNEQFF,1
FMYSDFHFI,CASSYSARGLGRTYGYTF,0
FGDVGSTLF,CASSANRGPDTEAFF,1
FGDVGSTLF,CASGGVDLWPQHF,0
WSYDSTLLAY,CASSVERENTGELFF,1
WSYDSTLLAY,CASSKTSGTPRGELFF,0
TMDFYQGQL,CASSRDFVSNEQYF,1
TMDFYQGQL,CSARVMGYQPQHF,0
RLLQCTQQAV,CASSPVYGVAYEQYF,1
RLLQCTQQAV,CASSPTMTSPYGYTF,0
YLSFYTAEQL,CASRTDRFLGAFF,1
YLSFYTAEQL,CASSPWSPWENIQYF,0
LLEDLDWDV,CASSPSGLAGSNLGNEQFF,1
LLEDLDWDV,CSARPATSDIANEKLFF,0
MLMLAVIVA,CASSLGQGDFGETQYF,1
MLMLAVIVA,CASRGFTGGTGSGAEQYF,0
TYDTVHRHL,CASSLDREDEQYF,1
TYDTVHRHL,CASSYSPSSTGDYGYTF,0
IAMAVLYLA,CASSFGTGGYEQYF,1
IAMAVLYLA,CASSFGFTDWRDGYTF,0
YLLPAIVHI,CASSWDYTEQYF,1
YLLPAIVHI,CASSLGSTVTNEKLFF,0
TLYSLTLLY,CATGTGGNDYEQYF,1
TLYSLTLLY,CASSLTGPNHNEQFF,0
FSSEVLNLV,CSVRVGTQYF,1
FSSEVLNLV,CASSYYSDKPNEKLFF,0
CISSCNPNL,CASSFGGGLQETQYF,1
CISSCNPNL,CASTPSFGGGLTDTQYF,0
TLEELDWCL,CASSPSGLAGSNLGNEQFF,1
TLEELDWCL,CASISWGGVNGYTF,0
YLSHLPLTCKF,CASSPRPLEGLYGYTF,1
YLSHLPLTCKF,CASSRGTGSGGNQPQHF,0
TLREIRRYQK,CASSQEFVGAVLDTQYF,1
TLREIRRYQK,CATAVGGQNYGYTF,0
KLSEGDLLA,CASDEKLFF,1
KLSEGDLLA,CASSTLAGFADTQYF,0
ALVGAIPSI,CASSFSAREYGYTF,1
ALVGAIPSI,CASSITDDRQPQHF,0
LPEPLPQGQLTGY,CASPGLAGEYEQYF,1
LPEPLPQGQLTGY,CASSQERGVIGGHTGELFF,0
VLNGTVHPV,CASSESQGDYYGYTF,1
VLNGTVHPV,CASSLALGGLVVYGYTF,0
RMDYNNMQM,CASSRDTVNTEAFF,1
RMDYNNMQM,CASIGNRAGANVLTF,0
RILLVAASY,CASSLYRGKETQYF,1
RILLVAASY,CSARRLAGVQDTQYF,0
LPEPLGQGQLTAY,CASPGLAGEYEQYF,1
LPEPLGQGQLTAY,CSVFRGQGYTDTQYF,0
TLEYMDWLV,CASSPSGLAGSNLGNEQFF,1
TLEYMDWLV,CSATSRVGQGRQPQHF,0
SYMIMEIE,CASRDHRVIYGYTF,1
SYMIMEIE,CASRSTTGMQETQYF,0
LMDMHNGQL,CASSRDTVNTEAFF,1
LMDMHNGQL,CASSLEGGFIDEQYF,0
LPEPLPQGQLGAY,CASPGLAGEYEQYF,1
LPEPLPQGQLGAY,CASSKADRPQEGYTF,0
EMLFSHGLVK,CASSPGTVKETQYF,1
EMLFSHGLVK,CASSLYRGGWQETQYF,0
LPEGLPQGQLTAY,CASPGLAGEYEQYF,1
LPEGLPQGQLTAY,CASSQALVSGGTSRNNEQFF,0
LPEPLPQGGLTAY,CASPGLAGEYEQYF,1
LPEPLPQGGLTAY,CATSSPLAGGPFEQYF,0
EHEGSGPEL,CASSLAGSKLYEQYF,1
EHEGSGPEL,CSAGLEADTQYF,0
WLDNFELCL,CASSPSGLAGSNLGNEQFF,1
WLDNFELCL,CASSAQQGVNTEALF,0
AMAVLYLAL,CSAIYREGNTGELFF,1
AMAVLYLAL,CASSDSTENYGYTF,0
MMWDRGLGMM,CASSLSFGTEAFF,1
MMWDRGLGMM,CASSQSGTGWETQYF,0
YLCLQNNFI,CASSLWAGHGYTF,1
YLCLQNNFI,CAWSVPFQETQYF,0
YMGVSYEM,CASSLVNGLGYTF,1
YMGVSYEM,CASSTDPGGTDTQYF,0
ALWGFFPVL,CASSDWVSYEQYF,1
ALWGFFPVL,CASSLASSGQGLYEQYF,0
MPYGYVLNEF,CASRPWTGANEKLFF,1
MPYGYVLNEF,CAITASKGGLAGELFF,0
LLQCTQQAV,CASSQDRGIGYGYTF,1
LLQCTQQAV,CATSRSPHSTDTQYF,0
KLEFMDWRL,CASSPSGLAGSNLGNEQFF,1
KLEFMDWRL,CASSDLNPLYEQFF,0
KLVALVINAV,CASRRGPYEQYF,1
KLVALVINAV,CASSSSVSKGYTF,0
EDVPSGKLFMHVTLG,CASAGETQYF,1
EDVPSGKLFMHVTLG,CASSLLTIDSYEQYF,0
FVVPYMIYLL,CASSLSGGLLRTGELFF,1
FVVPYMIYLL,CASTPAGRTTSSYEQYF,0
NMEYMTWDV,CASSPSGLAGSNLGNEQFF,1
NMEYMTWDV,CASSSQTSIVNDEQFF,0
SLLLLSVSV,CSVPVFGRGTGELFF,1
SLLLLSVSV,CASSGGTATYEQYF,0
ALWGPDPAA,CASSLVPLSPEQYF,1
ALWGPDPAA,CASSVLAGVLQETQYF,0
AMAGSPVFL,CASSHDDRGPNEKLFF,1
AMAGSPVFL,CSARLALTNTGELFF,0
LLFGPVYV,CASRPGLAGGRPEQYF,1
LLFGPVYV,CASRQGGGGQETQYF,0
KVAELVHFL,CATWDSGNIQYF,1
KVAELVHFL,CASRDRGQLTGELFF,0
YLQQNWWTL,CASSGLAGFSPQETQYF,1
YLQQNWWTL,CASEAGYSGYEQYF,0
LPEPLPQGQGTAY,CASPGLAGEYEQYF,1
LPEPLPQGQGTAY,CASSLGATGNGEQYF,0
EMMLFDWKV,CASSPSGLAGSNLGNEQFF,1
EMMLFDWKV,CASSSSKTQQFF,0
HIMPDTAEI,CSVRSGNEQFF,1
HIMPDTAEI,CASVIGPGTNTEAFF,0
RLDAMNGQL,CASSRDTVNTEAFF,1
RLDAMNGQL,CASSLVGSSGRTTDTQYF,0
YMGVVYEM,CASSLVNGLGYTF,1
YMGVVYEM,CASRPGGNRESAQHF,0
KMGVTYEM,CASSLVNGLGYTF,1
KMGVTYEM,CASSEYRTPQHF,0
KLVALGINNV,CASSYSPGTGNTIYF,1
KLVALGINNV,CASSLRASGSHEQYF,0
YMLDLQPETT,CASSLLGLIKETQYF,1
YMLDLQPETT,CASSDYWTGSIGGYTF,0
SMLGIGIVPV,CASSLSFGTEAFF,1
SMLGIGIVPV,CSRKGGNTEKLFF,0
EVLPFFLFF,CASSHQAGALYNEQFF,1
EVLPFFLFF,CASGYRVGQPQHF,0
ALGIGILTV,CASSFLGTGVEQYF,1
ALGIGILTV,CASSERGRIPTDTQYF,0
LPEPLPQAQLTAY,CASPGLAGEYEQYF,1
LPEPLPQAQLTAY,CASSRYGGIATNEKLFF,0
SLSKILDTV,CASSPLDVSISSYNEQFF,1
SLSKILDTV,CASSRRPSRDYGYTF,0
SLLLLPVSV,CASSLSYTPHQPQHF,1
SLLLLPVSV,CASSLEPSTIQYF,0
GMDYHNGHL,CASSRDTVNTEAFF,1
GMDYHNGHL,CASSPTGTVGTYGYTF,0
TMETIDWKV,CASSPSGLAGSNLGNEQFF,1
TMETIDWKV,CASSQILLPTHEQFF,0
FMGVTYEM,CASSLVNGLGYTF,1
FMGVTYEM,CSARPGTADNEQFF,0
KQWLVWLFL,CASSRTSPTDTQYF,1
KQWLVWLFL,CSATPGVGRSGANVLTF,0
MVNTVAGAMK,CASSVGGGVTDTQYF,1
MVNTVAGAMK,CASTPLNTAGYGYTF,0
LLFGKPVYV,CASRPGLAGGRPEQYF,1
LLFGKPVYV,CASSHGTGGAYAFF,0
SLDPTTSPV,CASSTINTNSPLHF,1
SLDPTTSPV,CIARAGGGDTQYF,0
VLDLFQGQL,CASSRDTVNTEAFF,1
VLDLFQGQL,CASSKGGSFQPQHF,0
KLEQLDWTV,CASSPSGLAGSNLGNEQFF,1
KLEQLDWTV,CASSQTPRGRNYGYTF,0
EFFWDANDIY,CASSLGGNLYEQYF,1
EFFWDANDIY,CASSYRLRTGSSYNSPLHF,0
GPEPLPQGQLTAY,CASPGLAGEYEQYF,1
GPEPLPQGQLTAY,CSARRGQRTGYTF,0
MLFSHGLVK,CAWSAASGGAQDTQYF,1
MLFSHGLVK,CASSMTIAGGPDTQYF,0
LASYFFWGL,CASSGRSTDTQYF,1
LASYFFWGL,CASSKEERENTEAFF,0
GTIRPEIPDYF,CASTGSYGYTFGSGTRLTVT,1
GTIRPEIPDYF,CASSLGLGRRNEKLFF,0
EIAGIGILTV,RPGWMAGL,1
EIAGIGILTV,CASSRGFGAGSGANVLTF,0
GIWGFVFTL,ASSSRSSYEQY,1
GIWGFVFTL,CASSPSSTGAGDQPQHF,0
ASFRPELAEFW,CASTGSYGYTFGSGTRLTVT,1
ASFRPELAEFW,CSAGRDPSYNEQFF,0
APQPAPENAY,ASPGLAGEYEQY,1
APQPAPENAY,CASSIDRLGGNYGYTF,0
KLQCVDLHV,CASSFRGPNLYTEAFF,1
KLQCVDLHV,CASSQESAFGQETQYF,0
ELAGIGILTI,RPGWMAGL,1
ELAGIGILTI,CASSLSREFSGELFF,0
SWISDIRAGTAPLCRNHIKSSCSLI,CASSYSKAGGPGEDTQYF,1
SWISDIRAGTAPLCRNHIKSSCSLI,CASSMSGFHEQYF,0
CLGALLTMV,ASSYVSQNNEQF,1
CLGALLTMV,CASSLDNGRAQYF,0
GSLSPELRPIF,CASTGSYGYTFGSGTRLTVT,1
GSLSPELRPIF,CASNKEGMNTEAFF,0
LSITPEIAPYF,CASTGSYGYTFGSGTRLTVT,1
LSITPEIAPYF,CASSYPSNEKLFF,0
NLVPMVASV,ASSPVTGGIYGYT,1
NLVPMVASV,CASKGGRRYGYTF,0
NLVPVVATV,ASSPVTGGIYGYT,1
NLVPVVATV,CASGEREPTLL,0
YLNELVVFV,CASSYGQPNTEAFF,1
YLNELVVFV,CASSSGGDTFTGELFF,0
NSLKPEIPDYF,CASTGSYGYTFGSGTRLTVT,1
NSLKPEIPDYF,CASRAGGEGRRNEQFF,0
YVTAMDLFV,CASSYGQPNTEAFF,1
YVTAMDLFV,CASSEFLHEQFF,0
FLNVFFPLL,CSAPSYRELAGAYLQETQYF,1
FLNVFFPLL,CSVDPWTSGGAETQYF,0
HSKKKCDEI,ASSLRGRGDQPQH,1
HSKKKCDEI,CASSAQLGQANTGELFF,0
SSFSPELRMRW,CASTGSYGYTFGSGTRLTVT,1
SSFSPELRMRW,CSGSSGGSDEQYF,0
LTISPEIPPYF,CASTGSYGYTFGSGTRLTVT,1
LTISPEIPPYF,CASSLELRGIQQFF,0
CLGGLATMV,ASSYVSQNNEQF,1
CLGGLATMV,CASRDRGVPWEQFF,0
FLAGGIGIRTL,AWSETGLGTGELF,1
FLAGGIGIRTL,CASSSDRGVMRNQPQHF,0
ILAAFLHWL,ASSYQGTEAF,1
ILAAFLHWL,CASSVTDRAGKNSQYF,0
LPLKMLNI,CASSSGQVQETQYF,1
LPLKMLNI,CSAGRGLGYTF,0
ELAGIGIITV,RPGWMAGL,1
ELAGIGIITV,CASRWTGSVEQYF,0
APRGPAGGAASGL,CASQTFSPGQTQF,1
APRGPAGGAASGL,CASKVGSESGELFF,0
LTITPEIAPFF,CASTGSYGYTFGSGTRLTVT,1
LTITPEIAPFF,CASSEGRQSPGYTF,0
CLAGLLTMV,ASSYVSQNNEQF,1
CLAGLLTMV,CASTGTAGGRKYNEQFF,0
YMVLASPSV,CASSGRQGIDTEAFF,1
YMVLASPSV,CASSLGMVAPNQPQHF,0
LTITPEIRPYF,CASTGSYGYTFGSGTRLTVT,1
LTITPEIRPYF,CASSPSGIGITEQFF,0
ELAGIGILTA,RPGWMAGL,1
ELAGIGILTA,CSAAQPGNRAFF,0
ELAGIGILSV,RPGWMAGL,1
ELAGIGILSV,CASSGQTLLNSPLHF,0
DLAGIGILTV,RPGWMAGL,1
DLAGIGILTV,CASSSPGRGGSNYGYTF,0
YVNELVVFV,CASSALAGGYNEQFF,1
YVNELVVFV,CATKGTGPTTNEKLFF,0
FITGISILL,CASSEMDGSNQPQHF,1
FITGISILL,CSARAITGGVFEKLFF,0
MVIGIPVYV,CASSTSTGQGWHYGYTF,1
MVIGIPVYV,CASSETWNLPGQVGGGNSYEQYF,0
KSLAPEVRDLF,CASTGSYGYTFGSGTRLTVT,1
KSLAPEVRDLF,CSVIPPRESVATDTQYF,0
TMSSSHLFYL,CASSLGGGGPQETQYF,1
TMSSSHLFYL,CASSQGRNAGQFF,0
KSLTPEVRGYW,CASTGSYGYTFGSGTRLTVT,1
KSLTPEVRGYW,CAITERGRSDTQYF,0
LAITPEIAPYF,CASTGSYGYTFGSGTRLTVT,1
LAITPEIAPYF,CASSHNVEQYF,0
NLVGMVATV,ASSPVTGGIYGYT,1
NLVGMVATV,CASSVGNSPSYNEQFF,0
NSFRPEVAMKY,CASTGSYGYTFGSGTRLTVT,1
NSFRPEVAMKY,CASSLLVQLVQPQHF,0
RLLCALTSL,CSALTGNQPQHF,1
RLLCALTSL,CASSERGARTGGFYEQYF,0
ALSYTPVEV,CASSSDRGEQFF,1
ALSYTPVEV,CAISERGGRSPLHF,0
WLLPAWGV,AWSETGLGTGELF,1
WLLPAWGV,CASSLPPGRVPYEQYF,0
LLFGYPVFV,ASRPGLAGGRPEQY,1
LLFGYPVFV,CASTPTLGQTEQYF,0
NLVPQVATV,ASSPVTGGIYGYT,1
NLVPQVATV,CSVARGREGKISYEQYF,0
LTISPEIPSYF,CASTGSYGYTFGSGTRLTVT,1
LTISPEIPSYF,CASSPWYPETGNTIYF,0
FLTGIGIITV,AWSETGLGTGELF,1
FLTGIGIITV,CASSWGLAGVQYEQYF,0
NLNRCSVPV,CASSLDIGDQPQHF,1
NLNRCSVPV,GASSHSPGYEQYF,0
LSGSPELRMIF,CASTGSYGYTFGSGTRLTVT,1
LSGSPELRMIF,CASSLSGGDSTIAFF,0
WLLPTWGV,AWSETGLGTGELF,1
WLLPTWGV,CSAEGGRTGGTDTQYF,0
HPVAEADYFEY,ASSARSGELF,1
HPVAEADYFEY,CSARRELGGYTF,0
RIAAWMATY,CASSPGGGASYEQYF,1
RIAAWMATY,CASSLGGQGALAEAFF,0
LVFPLVMGV,CASSPTAEAFF,1
LVFPLVMGV,CASSPGTGAPGSYNSPLHF,0
KAANIVLTV,CASSPSWLSGVTQYF,1
KAANIVLTV,CATSHTGNTIYF,0
LTLTPEIAPYF,CASTGSYGYTFGSGTRLTVT,1
LTLTPEIAPYF,CSARDLTGDSLLAFF,0
ELAGIGALTV,AWSETGLGMGGWQ,1
ELAGIGALTV,CASSSERASQQYF,0
LTITPEIAPYF,CASTGSYGYTFGSGTRLTVT,1
LTITPEIAPYF,CATHTGIQETQYF,0
SLLQGSPHL,CASSPPDQVYNEQFF,1
SLLQGSPHL,CAWSGQFYEQFV,0
YLYDRLLRI,CASSLDQGAQDNEQFF,1
YLYDRLLRI,CASSLDAGTSGRDTQYF,0
ASFSPELRMAW,CASTGSYGYTFGSGTRLTVT,1
ASFSPELRMAW,CASSLLAGDRVDEQYF,0
FVGEFFTDV,CASSHRGSGNTIYF,1
FVGEFFTDV,CSAMSTNTEAFF,0
ELGGIGILTV,RPGWMAGL,1
ELGGIGILTV,CSARNVLANEQYF,0
YIDDVVLGA,CASSYLTGEGDYGYTF,1
YIDDVVLGA,CASGRTAASTDTQYF,0
LPEPLPQGALTAY,ASPGLAGEYEQY,1
LPEPLPQGALTAY,CASSERGRGNSGNTIYF,0
APAGPHGGAASGL,CAILGQGYGYTF,1
APAGPHGGAASGL,CASSGFRDRAGNQPQHF,0
FLEIYTVTV,CASSDNDWRLQYF,1
FLEIYTVTV,CASSGYEGLSQFF,0
ILAKFAHWL,ASSYQGTEAF,1
ILAKFAHWL,CSFSPDSTNYGYTF,0
ALGGLLTMV,ASSYVSQNNEQF,1
ALGGLLTMV,CASSIEARKAAFF,0
LPEALPQGQLTAY,ASPGLAGEYEQY,1
LPEALPQGQLTAY,CASSPGEYSYNSPLHF,0
FLRGRFYGL,ASSLGQAYEQY,1
FLRGRFYGL,CASSPPSSGRETQYF,0
WTYRPEVRGVW,CASTGSYGYTFGSGTRLTVT,1
WTYRPEVRGVW,CSARELRRDTGELFF,0
RLSDFSEQL,CASTPLSNQPQHF,1
RLSDFSEQL,CSGRWENQAFF,0
ELAGIGLLTV,RPGWMAGL,1
ELAGIGLLTV,CASSPPSVSGSSSEQYF,0
LPEPLPQGQATAY,ASPGLAGEYEQY,1
LPEPLPQGQATAY,CASSERGQGSGGNTEAFF,0
YSFKPELKEIF,CASTGSYGYTFGSGTRLTVT,1
YSFKPELKEIF,CASSRMPQHF,0
RSFVPEIGMGF,CASTGSYGYTFGSGTRLTVT,1
RSFVPEIGMGF,CASSYSGQGLDYGYTF,0
LLYGFVNYI,ASRPGLAGGRPEQY,1
LLYGFVNYI,CASSPFLRQFSGSSYEQYF,0
RTYVPEIKHRW,CASTGSYGYTFGSGTRLTVT,1
RTYVPEIKHRW,CASSPPPPLETQYF,0
LLHGFSFYL,CATSTRDTGNEQFF,1
LLHGFSFYL,CATSAGGSWSEAFF,0
YLCSGSSYF,CASSDGGISYNEQF,1
YLCSGSSYF,CATSEPGQGGGYNEQFF,0
NLVPTVATV,ASSPVTGGIYGYT,1
NLVPTVATV,CASSLIQGTIYEQYF,0
CLGGLLAMV,ASSYVSQNNEQF,1
CLGGLLAMV,CASSFLNTGSGANVLTF,0
KSCTPEVREYF,CASTGSYGYTFGSGTRLTVT,1
KSCTPEVREYF,CASILHGTSEETQYF,0
YMDDVVLGA,CASSYLTGEGDYGYTF,1
YMDDVVLGA,CASSLEVRGGGWTDTQYF,0
IAGLGLLTV,RPGWMAGL,1
IAGLGLLTV,CSVATGNEKLFF,0
FATGIGIITV,AWSETGLGTGELF,1
FATGIGIITV,CASSPGTSGFSLSDTQYF,0
YLDELIKNT,CASSALAGGYNEQFF,1
YLDELIKNT,CASSYRQRGPTYNEQFF,0
MLGERLFPL,CASSLDIGDQPQHF,1
MLGERLFPL,CVSSQDRSGLTYEQYF,0
FLPSDFFPSV,CASSRRRDLGNEQFF,1
FLPSDFFPSV,CASRGGLAGGRDTGELFF,0
SVASTITGV,CASSYFGGSLSEQYF,1
SVASTITGV,CASKGGMGTYSNQPQHF,0
HSRKKCDEL,ASSLRGRGDQPQH,1
HSRKKCDEL,CAIRTTSFEQYF,0
FMLYLVTLM,CASSYGVNTEAFF,1
FMLYLVTLM,CASTPEGGFKNTEAFF,0
YLVALGVNAV,CASSFLGTGLNEQYF,1
YLVALGVNAV,CASSSRGTGQWGTEAFF,0
NLAPMVATV,CASSLAPGTTNEKLFF,1
NLAPMVATV,CASSANGGKYEQFF,0
SLVALGINAV,CASSFLGTGLNEQYF,1
SLVALGINAV,CASSYSGNRGYEKLFF,0
LLYGFVNYV,ASRPGLAGGRPEQY,1
LLYGFVNYV,CAWTFRSGTVEQYF,0
SSGVPEVRMMF,CASTGSYGYTFGSGTRLTVT,1
SSGVPEVRMMF,CASTSSDEGYEQYF,0
GSLAPEIRMYW,CASTGSYGYTFGSGTRLTVT,1
GSLAPEIRMYW,CASSFSGSLTDTQYF,0
NSVKPEIRPVW,CASTGSYGYTFGSGTRLTVT,1
NSVKPEIRPVW,CSAREFLAGGSREQYF,0
FMSAYSGVL,CASSLIDSPYEQYF,1
FMSAYSGVL,CASSESGVEEAFF,0
VYAIFIFQL,CASSFPTSGQETQYF,1
VYAIFIFQL,CASSSLSGPENSPLHF,0
YLQDSLATT,CASSLNTEAFF,1
YLQDSLATT,CSASGRLAGGPNYEQYF,0
APRGAHGGAASGL,CAILGQGYGYTF,1
APRGAHGGAASGL,CASSSGGADFSNQPQHF,0
YVTAMDIFV,CASSYGQPNTEAFF,1
YVTAMDIFV,CSSSLDGRVRDTGELFF,0
YVDDVVLGA,CASSYLTGEGDYGYTF,1
YVDDVVLGA,CASSSQGYLGDEQFF,0
GTIRPEIREMW,CASTGSYGYTFGSGTRLTVT,1
GTIRPEIREMW,CASSLDDPANYGYTF,0
FWLLGAWAL,AWSETGLGTGELF,1
FWLLGAWAL,CASSPLTPMDTEAFF,0
FFAGGIGIRTI,AWSETGLGTGELF,1
FFAGGIGIRTI,CATSEGLGKTGTDTQYF,0
LGIGVITI,RPGWMAGL,1
LGIGVITI,CASSARGAGGGQSNEQFF,0
ILITQVLGL,CASSISPSSYEQYF,1
ILITQVLGL,CASSKAVGSREPQHF,0
LSITPEISPYF,CASTGSYGYTFGSGTRLTVT,1
LSITPEISPYF,CSARAGQQNQPQHF,0
YIFLGNLAL,CASSGRQGIDTEAFF,1
YIFLGNLAL,CSASNTIEAFF,0
SALRPEIRLLW,CASTGSYGYTFGSGTRLTVT,1
SALRPEIRLLW,CASSFDRAALEFF,0
NLVPMVAAV,CASSLAPGTTNEKLFF,1
NLVPMVAAV,CASSQEGGSRPEAFF,0
LMASISSFL,CASSFGGLYGYTF,1
LMASISSFL,CASSTRTGGPHTEAFF,0
YLCSGSSYFV,CASSDGGISYNEQF,1
YLCSGSSYFV,CAWSASHLSGYTF,0
FWLLPAWAL,AWSETGLGTGELF,1
FWLLPAWAL,CARARCSLAKNSQYF,0
RSLAPEVRGYW,CASTGSYGYTFGSGTRLTVT,1
RSLAPEVRGYW,CASSLAAGNPPISGANVLTF,0
ACDPHSGHFV,CASSVVAGFNEQFF,1
ACDPHSGHFV,CARTPTLRGDEKLFF,0
LSLRPEIPLFF,CASTGSYGYTFGSGTRLTVT,1
LSLRPEIPLFF,CASSPLDLFGTDTQYF,0
ALVPMVATV,CASSLAPGTTNEKLFF,1
ALVPMVATV,CASDRVLGGNEQFF,0
SLYNTVATLY,CASSDSLGDRGSYEQYF,1
SLYNTVATLY,CASSAARASGGADTQYF,0
WLWEPLRVV,CASTLGQGNTEAFF,1
WLWEPLRVV,CASSETARLGYTF,0
AIMDKNIIL,CASSVDGGSQPQHF,1
AIMDKNIIL,CASSPDIQGGTEAFF,0
KSFVPELKPAF,CASTGSYGYTFGSGTRLTVT,1
KSFVPELKPAF,CASSQDPGATDTQYF,0
HSKRKCDEL,ASSLRGRGDQPQH,1
HSKRKCDEL,CASSQQGDQFF,0
